t_s,hops_fwd,hops_rev,rtt_prop_ms,path_changed,path_fwd
0.0,11,11,98.479,0,1584-338-337-336-335-313-291-269-247-225-224-1585
0.1,11,11,98.482,0,1584-338-337-336-335-313-291-269-247-225-224-1585
0.2,11,11,98.484,0,1584-338-337-336-335-313-291-269-247-225-224-1585
0.3,11,11,98.486,0,1584-338-337-336-335-313-291-269-247-225-224-1585
0.4,11,11,98.489,0,1584-338-337-336-335-313-291-269-247-225-224-1585
0.5,11,11,98.491,0,1584-338-337-336-335-313-291-269-247-225-224-1585
0.6,11,11,98.493,0,1584-338-337-336-335-313-291-269-247-225-224-1585
0.7,11,11,98.496,0,1584-338-337-336-335-313-291-269-247-225-224-1585
0.8,11,11,98.498,0,1584-338-337-336-335-313-291-269-247-225-224-1585
0.9,11,11,98.501,0,1584-338-337-336-335-313-291-269-247-225-224-1585
1.0,11,11,98.503,0,1584-338-337-336-335-313-291-269-247-225-224-1585
1.1,11,11,98.505,0,1584-338-337-336-335-313-291-269-247-225-224-1585
1.2,11,11,98.508,0,1584-338-337-336-335-313-291-269-247-225-224-1585
1.3,11,11,98.510,0,1584-338-337-336-335-313-291-269-247-225-224-1585
1.4,11,11,98.512,0,1584-338-337-336-335-313-291-269-247-225-224-1585
1.5,11,11,98.515,0,1584-338-337-336-335-313-291-269-247-225-224-1585
1.6,11,11,98.517,0,1584-338-337-336-335-313-291-269-247-225-224-1585
1.7,11,11,98.520,0,1584-338-337-336-335-313-291-269-247-225-224-1585
1.8,11,11,98.522,0,1584-338-337-336-335-313-291-269-247-225-224-1585
1.9,11,11,98.525,0,1584-338-337-336-335-313-291-269-247-225-224-1585
2.0,11,11,98.527,0,1584-338-337-336-335-313-291-269-247-225-224-1585
2.1,11,11,98.529,0,1584-338-337-336-335-313-291-269-247-225-224-1585
2.2,11,11,98.532,0,1584-338-337-336-335-313-291-269-247-225-224-1585
2.3,11,11,98.534,0,1584-338-337-336-335-313-291-269-247-225-224-1585
2.4,12,12,98.535,1,1584-381-380-379-357-335-313-291-269-247-225-224-1585
2.5,12,12,98.530,0,1584-381-380-379-357-335-313-291-269-247-225-224-1585
2.6,12,12,98.526,0,1584-381-380-379-357-335-313-291-269-247-225-224-1585
2.7,12,12,98.522,0,1584-381-380-379-357-335-313-291-269-247-225-224-1585
2.8,12,12,98.518,0,1584-381-380-379-357-335-313-291-269-247-225-224-1585
2.9,12,12,98.513,0,1584-381-380-379-357-335-313-291-269-247-225-224-1585
3.0,12,12,98.509,0,1584-381-380-379-357-335-313-291-269-247-225-224-1585
3.1,12,12,98.505,0,1584-381-380-379-357-335-313-291-269-247-225-224-1585
3.2,12,12,98.501,0,1584-381-380-379-357-335-313-291-269-247-225-224-1585
3.3,12,12,98.497,0,1584-381-380-379-357-335-313-291-269-247-225-224-1585
3.4,12,12,98.492,0,1584-381-380-379-357-335-313-291-269-247-225-224-1585
3.5,12,12,98.488,0,1584-381-380-379-357-335-313-291-269-247-225-224-1585
3.6,12,12,98.484,0,1584-381-380-379-357-335-313-291-269-247-225-224-1585
3.7,12,12,98.480,0,1584-381-380-379-357-335-313-291-269-247-225-224-1585
3.8,12,12,98.476,0,1584-381-380-379-357-335-313-291-269-247-225-224-1585
3.9,12,12,98.471,0,1584-381-380-379-357-335-313-291-269-247-225-224-1585
4.0,12,12,98.467,0,1584-381-380-379-357-335-313-291-269-247-225-224-1585
4.1,12,12,98.463,0,1584-381-380-379-357-335-313-291-269-247-225-224-1585
4.2,12,12,98.459,0,1584-381-380-379-357-335-313-291-269-247-225-224-1585
4.3,12,12,98.455,0,1584-381-380-379-357-335-313-291-269-247-225-224-1585
4.4,12,12,98.451,0,1584-381-380-379-357-335-313-291-269-247-225-224-1585
4.5,12,12,98.447,0,1584-381-380-379-357-335-313-291-269-247-225-224-1585
4.6,12,12,98.442,0,1584-381-380-379-357-335-313-291-269-247-225-224-1585
4.7,12,12,98.438,0,1584-381-380-379-357-335-313-291-269-247-225-224-1585
4.8,12,12,98.434,0,1584-381-380-379-357-335-313-291-269-247-225-224-1585
4.9,12,12,98.430,0,1584-381-380-379-357-335-313-291-269-247-225-224-1585
5.0,12,12,98.426,0,1584-381-380-379-357-335-313-291-269-247-225-224-1585
5.1,12,12,98.422,0,1584-381-380-379-357-335-313-291-269-247-225-224-1585
5.2,12,12,98.418,0,1584-381-380-379-357-335-313-291-269-247-225-224-1585
5.3,12,12,98.414,0,1584-381-380-379-357-335-313-291-269-247-225-224-1585
5.4,12,12,98.410,0,1584-381-380-379-357-335-313-291-269-247-225-224-1585
5.5,12,12,98.406,0,1584-381-380-379-357-335-313-291-269-247-225-224-1585
5.6,12,12,98.402,0,1584-381-380-379-357-335-313-291-269-247-225-224-1585
5.7,12,12,98.398,0,1584-381-380-379-357-335-313-291-269-247-225-224-1585
5.8,12,12,98.393,0,1584-381-380-379-357-335-313-291-269-247-225-224-1585
5.9,12,12,98.389,0,1584-381-380-379-357-335-313-291-269-247-225-224-1585
6.0,12,12,98.385,0,1584-381-380-379-357-335-313-291-269-247-225-224-1585
6.1,12,12,98.381,0,1584-381-380-379-357-335-313-291-269-247-225-224-1585
6.2,12,12,98.377,0,1584-381-380-379-357-335-313-291-269-247-225-224-1585
6.3,12,12,98.373,0,1584-381-380-379-357-335-313-291-269-247-225-224-1585
6.4,12,12,98.369,0,1584-381-380-379-357-335-313-291-269-247-225-224-1585
6.5,12,12,98.365,0,1584-381-380-379-357-335-313-291-269-247-225-224-1585
6.6,12,12,98.361,0,1584-381-380-379-357-335-313-291-269-247-225-224-1585
6.7,12,12,98.357,0,1584-381-380-379-357-335-313-291-269-247-225-224-1585
6.8,12,12,98.353,0,1584-381-380-379-357-335-313-291-269-247-225-224-1585
6.9,12,12,98.349,0,1584-381-380-379-357-335-313-291-269-247-225-224-1585
7.0,12,12,98.345,0,1584-381-380-379-357-335-313-291-269-247-225-224-1585
7.1,12,12,98.341,0,1584-381-380-379-357-335-313-291-269-247-225-224-1585
7.2,12,12,98.337,0,1584-381-380-379-357-335-313-291-269-247-225-224-1585
7.3,12,12,98.333,0,1584-381-380-379-357-335-313-291-269-247-225-224-1585
7.4,12,12,98.329,0,1584-381-380-379-357-335-313-291-269-247-225-224-1585
7.5,12,12,98.325,0,1584-381-380-379-357-335-313-291-269-247-225-224-1585
7.6,12,12,98.322,0,1584-381-380-379-357-335-313-291-269-247-225-224-1585
7.7,12,12,98.318,0,1584-381-380-379-357-335-313-291-269-247-225-224-1585
7.8,12,12,98.314,0,1584-381-380-379-357-335-313-291-269-247-225-224-1585
7.9,12,12,98.310,0,1584-381-380-379-357-335-313-291-269-247-225-224-1585
8.0,12,12,98.306,0,1584-381-380-379-357-335-313-291-269-247-225-224-1585
8.1,12,12,98.302,0,1584-381-380-379-357-335-313-291-269-247-225-224-1585
8.2,12,12,98.298,0,1584-381-380-379-357-335-313-291-269-247-225-224-1585
8.3,12,12,98.294,0,1584-381-380-379-357-335-313-291-269-247-225-224-1585
8.4,12,12,98.290,0,1584-381-380-379-357-335-313-291-269-247-225-224-1585
8.5,12,12,98.286,0,1584-381-380-379-357-335-313-291-269-247-225-224-1585
8.6,12,12,98.282,0,1584-381-380-379-357-335-313-291-269-247-225-224-1585
8.7,12,12,98.278,0,1584-381-380-379-357-335-313-291-269-247-225-224-1585
8.8,12,12,98.275,0,1584-381-380-379-357-335-313-291-269-247-225-224-1585
8.9,12,12,98.271,0,1584-381-380-379-357-335-313-291-269-247-225-224-1585
9.0,12,12,98.267,0,1584-381-380-379-357-335-313-291-269-247-225-224-1585
9.1,12,12,98.263,0,1584-381-380-379-357-335-313-291-269-247-225-224-1585
9.2,12,12,98.259,0,1584-381-380-379-357-335-313-291-269-247-225-224-1585
9.3,12,12,98.255,0,1584-381-380-379-357-335-313-291-269-247-225-224-1585
9.4,12,12,98.252,0,1584-381-380-379-357-335-313-291-269-247-225-224-1585
9.5,12,12,98.248,0,1584-381-380-379-357-335-313-291-269-247-225-224-1585
9.6,12,12,98.244,0,1584-381-380-379-357-335-313-291-269-247-225-224-1585
9.7,12,12,98.240,0,1584-381-380-379-357-335-313-291-269-247-225-224-1585
9.8,12,12,98.236,0,1584-381-380-379-357-335-313-291-269-247-225-224-1585
9.9,12,12,98.232,0,1584-381-380-379-357-335-313-291-269-247-225-224-1585
10.0,12,12,98.229,0,1584-381-380-379-357-335-313-291-269-247-225-224-1585
10.1,12,12,98.225,0,1584-381-380-379-357-335-313-291-269-247-225-224-1585
10.2,12,12,98.221,0,1584-381-380-379-357-335-313-291-269-247-225-224-1585
10.3,12,12,98.217,0,1584-381-380-379-357-335-313-291-269-247-225-224-1585
10.4,12,12,98.213,0,1584-381-380-379-357-335-313-291-269-247-225-224-1585
10.5,12,12,98.210,0,1584-381-380-379-357-335-313-291-269-247-225-224-1585
10.6,12,12,98.206,0,1584-381-380-379-357-335-313-291-269-247-225-224-1585
10.7,12,12,98.202,0,1584-381-380-379-357-335-313-291-269-247-225-224-1585
10.8,12,12,98.198,0,1584-381-380-379-357-335-313-291-269-247-225-224-1585
10.9,12,12,98.195,0,1584-381-380-379-357-335-313-291-269-247-225-224-1585
11.0,12,12,98.191,0,1584-381-380-379-357-335-313-291-269-247-225-224-1585
11.1,12,12,98.187,0,1584-381-380-379-357-335-313-291-269-247-225-224-1585
11.2,12,12,98.183,0,1584-381-380-379-357-335-313-291-269-247-225-224-1585
11.3,12,12,98.180,0,1584-381-380-379-357-335-313-291-269-247-225-224-1585
11.4,12,12,98.176,0,1584-381-380-379-357-335-313-291-269-247-225-224-1585
11.5,12,12,98.172,0,1584-381-380-379-357-335-313-291-269-247-225-224-1585
11.6,12,12,98.169,0,1584-381-380-379-357-335-313-291-269-247-225-224-1585
11.7,12,12,98.165,0,1584-381-380-379-357-335-313-291-269-247-225-224-1585
11.8,12,12,98.161,0,1584-381-380-379-357-335-313-291-269-247-225-224-1585
11.9,12,12,98.158,0,1584-381-380-379-357-335-313-291-269-247-225-224-1585
12.0,12,12,98.154,0,1584-381-380-379-357-335-313-291-269-247-225-224-1585
12.1,12,12,98.150,0,1584-381-380-379-357-335-313-291-269-247-225-224-1585
12.2,12,12,98.147,0,1584-381-380-379-357-335-313-291-269-247-225-224-1585
12.3,12,12,98.143,0,1584-381-380-379-357-335-313-291-269-247-225-224-1585
12.4,12,12,98.139,0,1584-381-380-379-357-335-313-291-269-247-225-224-1585
12.5,12,12,98.136,0,1584-381-380-379-357-335-313-291-269-247-225-224-1585
12.6,12,12,98.132,0,1584-381-380-379-357-335-313-291-269-247-225-224-1585
12.7,12,12,98.128,0,1584-381-380-379-357-335-313-291-269-247-225-224-1585
12.8,12,12,98.125,0,1584-381-380-379-357-335-313-291-269-247-225-224-1585
12.9,12,12,98.121,0,1584-381-380-379-357-335-313-291-269-247-225-224-1585
13.0,12,12,98.117,0,1584-381-380-379-357-335-313-291-269-247-225-224-1585
13.1,12,12,98.114,0,1584-381-380-379-357-335-313-291-269-247-225-224-1585
13.2,12,12,98.110,0,1584-381-380-379-357-335-313-291-269-247-225-224-1585
13.3,12,12,98.107,0,1584-381-380-379-357-335-313-291-269-247-225-224-1585
13.4,12,12,98.103,0,1584-381-380-379-357-335-313-291-269-247-225-224-1585
13.5,12,12,98.099,0,1584-381-380-379-357-335-313-291-269-247-225-224-1585
13.6,12,12,98.096,0,1584-381-380-379-357-335-313-291-269-247-225-224-1585
13.7,12,12,98.092,0,1584-381-380-379-357-335-313-291-269-247-225-224-1585
13.8,12,12,98.089,0,1584-381-380-379-357-335-313-291-269-247-225-224-1585
13.9,12,12,98.085,0,1584-381-380-379-357-335-313-291-269-247-225-224-1585
14.0,12,12,98.082,0,1584-381-380-379-357-335-313-291-269-247-225-224-1585
14.1,12,12,98.078,0,1584-381-380-379-357-335-313-291-269-247-225-224-1585
14.2,12,12,98.074,0,1584-381-380-379-357-335-313-291-269-247-225-224-1585
14.3,12,12,98.071,0,1584-381-380-379-357-335-313-291-269-247-225-224-1585
14.4,12,12,98.067,0,1584-381-380-379-357-335-313-291-269-247-225-224-1585
14.5,12,12,98.064,0,1584-381-380-379-357-335-313-291-269-247-225-224-1585
14.6,12,12,98.060,0,1584-381-380-379-357-335-313-291-269-247-225-224-1585
14.7,12,12,98.057,0,1584-381-380-379-357-335-313-291-269-247-225-224-1585
14.8,12,12,98.053,0,1584-381-380-379-357-335-313-291-269-247-225-224-1585
14.9,12,12,98.050,0,1584-381-380-379-357-335-313-291-269-247-225-224-1585
15.0,12,12,98.046,0,1584-381-380-379-357-335-313-291-269-247-225-224-1585
15.1,12,12,98.043,0,1584-381-380-379-357-335-313-291-269-247-225-224-1585
15.2,12,12,98.039,0,1584-381-380-379-357-335-313-291-269-247-225-224-1585
15.3,12,12,98.036,0,1584-381-380-379-357-335-313-291-269-247-225-224-1585
15.4,12,12,98.032,0,1584-381-380-379-357-335-313-291-269-247-225-224-1585
15.5,12,12,98.029,0,1584-381-380-379-357-335-313-291-269-247-225-224-1585
15.6,12,12,98.026,0,1584-381-380-379-357-335-313-291-269-247-225-224-1585
15.7,12,12,98.022,0,1584-381-380-379-357-335-313-291-269-247-225-224-1585
15.8,12,12,98.019,0,1584-381-380-379-357-335-313-291-269-247-225-224-1585
15.9,12,12,98.015,0,1584-381-380-379-357-335-313-291-269-247-225-224-1585
16.0,12,12,98.012,0,1584-381-380-379-357-335-313-291-269-247-225-224-1585
16.1,12,12,98.008,0,1584-381-380-379-357-335-313-291-269-247-225-224-1585
16.2,12,12,98.005,0,1584-381-380-379-357-335-313-291-269-247-225-224-1585
16.3,12,12,98.001,0,1584-381-380-379-357-335-313-291-269-247-225-224-1585
16.4,12,12,97.998,0,1584-381-380-379-357-335-313-291-269-247-225-224-1585
16.5,12,12,97.995,0,1584-381-380-379-357-335-313-291-269-247-225-224-1585
16.6,12,12,97.991,0,1584-381-380-379-357-335-313-291-269-247-225-224-1585
16.7,12,12,97.988,0,1584-381-380-379-357-335-313-291-269-247-225-224-1585
16.8,12,12,97.985,0,1584-381-380-379-357-335-313-291-269-247-225-224-1585
16.9,12,12,97.981,0,1584-381-380-379-357-335-313-291-269-247-225-224-1585
17.0,12,12,97.978,0,1584-381-380-379-357-335-313-291-269-247-225-224-1585
17.1,12,12,97.974,0,1584-381-380-379-357-335-313-291-269-247-225-224-1585
17.2,12,12,97.971,0,1584-381-380-379-357-335-313-291-269-247-225-224-1585
17.3,12,12,97.968,0,1584-381-380-379-357-335-313-291-269-247-225-224-1585
17.4,12,12,97.964,0,1584-381-380-379-357-335-313-291-269-247-225-224-1585
17.5,12,12,97.961,0,1584-381-380-379-357-335-313-291-269-247-225-224-1585
17.6,12,12,97.958,0,1584-381-380-379-357-335-313-291-269-247-225-224-1585
17.7,12,12,97.954,0,1584-381-380-379-357-335-313-291-269-247-225-224-1585
17.8,12,12,97.951,0,1584-381-380-379-357-335-313-291-269-247-225-224-1585
17.9,12,12,97.948,0,1584-381-380-379-357-335-313-291-269-247-225-224-1585
18.0,12,12,97.944,0,1584-381-380-379-357-335-313-291-269-247-225-224-1585
18.1,12,12,97.941,0,1584-381-380-379-357-335-313-291-269-247-225-224-1585
18.2,12,12,97.938,0,1584-381-380-379-357-335-313-291-269-247-225-224-1585
18.3,12,12,97.935,0,1584-381-380-379-357-335-313-291-269-247-225-224-1585
18.4,12,12,97.931,0,1584-381-380-379-357-335-313-291-269-247-225-224-1585
18.5,12,12,97.928,0,1584-381-380-379-357-335-313-291-269-247-225-224-1585
18.6,12,12,97.925,0,1584-381-380-379-357-335-313-291-269-247-225-224-1585
18.7,12,12,97.921,0,1584-381-380-379-357-335-313-291-269-247-225-224-1585
18.8,12,12,97.918,0,1584-381-380-379-357-335-313-291-269-247-225-224-1585
18.9,12,12,97.915,0,1584-381-380-379-357-335-313-291-269-247-225-224-1585
19.0,12,12,97.912,0,1584-381-380-379-357-335-313-291-269-247-225-224-1585
19.1,12,12,97.909,0,1584-381-380-379-357-335-313-291-269-247-225-224-1585
19.2,12,12,97.905,0,1584-381-380-379-357-335-313-291-269-247-225-224-1585
19.3,12,12,97.902,0,1584-381-380-379-357-335-313-291-269-247-225-224-1585
19.4,12,12,97.899,0,1584-381-380-379-357-335-313-291-269-247-225-224-1585
19.5,12,12,97.896,0,1584-381-380-379-357-335-313-291-269-247-225-224-1585
19.6,12,12,97.892,0,1584-381-380-379-357-335-313-291-269-247-225-224-1585
19.7,12,12,97.889,0,1584-381-380-379-357-335-313-291-269-247-225-224-1585
19.8,12,12,97.886,0,1584-381-380-379-357-335-313-291-269-247-225-224-1585
19.9,12,12,97.883,0,1584-381-380-379-357-335-313-291-269-247-225-224-1585
20.0,12,12,97.880,0,1584-381-380-379-357-335-313-291-269-247-225-224-1585
20.1,12,12,97.877,0,1584-381-380-379-357-335-313-291-269-247-225-224-1585
20.2,12,12,97.873,0,1584-381-380-379-357-335-313-291-269-247-225-224-1585
20.3,12,12,97.870,0,1584-381-380-379-357-335-313-291-269-247-225-224-1585
20.4,12,12,97.867,0,1584-381-380-379-357-335-313-291-269-247-225-224-1585
20.5,12,12,97.864,0,1584-381-380-379-357-335-313-291-269-247-225-224-1585
20.6,12,12,97.861,0,1584-381-380-379-357-335-313-291-269-247-225-224-1585
20.7,12,12,97.858,0,1584-381-380-379-357-335-313-291-269-247-225-224-1585
20.8,12,12,97.855,0,1584-381-380-379-357-335-313-291-269-247-225-224-1585
20.9,12,12,97.851,0,1584-381-380-379-357-335-313-291-269-247-225-224-1585
21.0,12,12,97.848,0,1584-381-380-379-357-335-313-291-269-247-225-224-1585
21.1,12,12,97.845,0,1584-381-380-379-357-335-313-291-269-247-225-224-1585
21.2,12,12,97.842,0,1584-381-380-379-357-335-313-291-269-247-225-224-1585
21.3,12,12,97.839,0,1584-381-380-379-357-335-313-291-269-247-225-224-1585
21.4,12,12,97.836,0,1584-381-380-379-357-335-313-291-269-247-225-224-1585
21.5,12,12,97.833,0,1584-381-380-379-357-335-313-291-269-247-225-224-1585
21.6,12,12,97.830,0,1584-381-380-379-357-335-313-291-269-247-225-224-1585
21.7,12,12,97.827,0,1584-381-380-379-357-335-313-291-269-247-225-224-1585
21.8,12,12,97.824,0,1584-381-380-379-357-335-313-291-269-247-225-224-1585
21.9,12,12,97.821,0,1584-381-380-379-357-335-313-291-269-247-225-224-1585
22.0,12,12,97.818,0,1584-381-380-379-357-335-313-291-269-247-225-224-1585
22.1,12,12,97.814,0,1584-381-380-379-357-335-313-291-269-247-225-224-1585
22.2,12,12,97.811,0,1584-381-380-379-357-335-313-291-269-247-225-224-1585
22.3,12,12,97.808,0,1584-381-380-379-357-335-313-291-269-247-225-224-1585
22.4,12,12,97.805,0,1584-381-380-379-357-335-313-291-269-247-225-224-1585
22.5,12,12,97.802,0,1584-381-380-379-357-335-313-291-269-247-225-224-1585
22.6,12,12,97.799,0,1584-381-380-379-357-335-313-291-269-247-225-224-1585
22.7,12,12,97.796,0,1584-381-380-379-357-335-313-291-269-247-225-224-1585
22.8,12,12,97.793,0,1584-381-380-379-357-335-313-291-269-247-225-224-1585
22.9,12,12,97.790,0,1584-381-380-379-357-335-313-291-269-247-225-224-1585
23.0,12,12,97.787,0,1584-381-380-379-357-335-313-291-269-247-225-224-1585
23.1,12,12,97.784,0,1584-381-380-379-357-335-313-291-269-247-225-224-1585
23.2,12,12,97.781,0,1584-381-380-379-357-335-313-291-269-247-225-224-1585
23.3,12,12,97.778,0,1584-381-380-379-357-335-313-291-269-247-225-224-1585
23.4,12,12,97.776,0,1584-381-380-379-357-335-313-291-269-247-225-224-1585
23.5,12,12,97.773,0,1584-381-380-379-357-335-313-291-269-247-225-224-1585
23.6,12,12,97.770,0,1584-381-380-379-357-335-313-291-269-247-225-224-1585
23.7,12,12,97.767,0,1584-381-380-379-357-335-313-291-269-247-225-224-1585
23.8,12,12,97.764,0,1584-381-380-379-357-335-313-291-269-247-225-224-1585
23.9,12,12,97.761,0,1584-381-380-379-357-335-313-291-269-247-225-224-1585
24.0,12,12,97.758,0,1584-381-380-379-357-335-313-291-269-247-225-224-1585
24.1,12,12,97.755,0,1584-381-380-379-357-335-313-291-269-247-225-224-1585
24.2,12,12,97.752,0,1584-381-380-379-357-335-313-291-269-247-225-224-1585
24.3,12,12,97.749,0,1584-381-380-379-357-335-313-291-269-247-225-224-1585
24.4,12,12,97.746,0,1584-381-380-379-357-335-313-291-269-247-225-224-1585
24.5,12,12,97.743,0,1584-381-380-379-357-335-313-291-269-247-225-224-1585
24.6,12,12,97.741,0,1584-381-380-379-357-335-313-291-269-247-225-224-1585
24.7,12,12,97.738,0,1584-381-380-379-357-335-313-291-269-247-225-224-1585
24.8,12,12,97.735,0,1584-381-380-379-357-335-313-291-269-247-225-224-1585
24.9,12,12,97.732,0,1584-381-380-379-357-335-313-291-269-247-225-224-1585
25.0,12,12,97.729,0,1584-381-380-379-357-335-313-291-269-247-225-224-1585
25.1,12,12,97.726,0,1584-381-380-379-357-335-313-291-269-247-225-224-1585
25.2,12,12,97.723,0,1584-381-380-379-357-335-313-291-269-247-225-224-1585
25.3,12,12,97.721,0,1584-381-380-379-357-335-313-291-269-247-225-224-1585
25.4,12,12,97.718,0,1584-381-380-379-357-335-313-291-269-247-225-224-1585
25.5,12,12,97.715,0,1584-381-380-379-357-335-313-291-269-247-225-224-1585
25.6,12,12,97.712,0,1584-381-380-379-357-335-313-291-269-247-225-224-1585
25.7,12,12,97.709,0,1584-381-380-379-357-335-313-291-269-247-225-224-1585
25.8,12,12,97.707,0,1584-381-380-379-357-335-313-291-269-247-225-224-1585
25.9,12,12,97.704,0,1584-381-380-379-357-335-313-291-269-247-225-224-1585
26.0,12,12,97.701,0,1584-381-380-379-357-335-313-291-269-247-225-224-1585
26.1,12,12,97.698,0,1584-381-380-379-357-335-313-291-269-247-225-224-1585
26.2,10,10,91.064,1,1584-316-315-314-313-291-269-247-225-224-1585
26.3,10,10,91.062,0,1584-316-315-314-313-291-269-247-225-224-1585
26.4,10,10,91.060,0,1584-316-315-314-313-291-269-247-225-224-1585
26.5,10,10,91.059,0,1584-316-315-314-313-291-269-247-225-224-1585
26.6,10,10,91.057,0,1584-316-315-314-313-291-269-247-225-224-1585
26.7,10,10,91.055,0,1584-316-315-314-313-291-269-247-225-224-1585
26.8,10,10,91.053,0,1584-316-315-314-313-291-269-247-225-224-1585
26.9,10,10,91.052,0,1584-316-315-314-313-291-269-247-225-224-1585
27.0,10,10,91.050,0,1584-316-315-314-313-291-269-247-225-224-1585
27.1,10,10,91.048,0,1584-316-315-314-313-291-269-247-225-224-1585
27.2,10,10,91.047,0,1584-316-315-314-313-291-269-247-225-224-1585
27.3,10,10,91.045,0,1584-316-315-314-313-291-269-247-225-224-1585
27.4,10,10,91.043,0,1584-316-315-314-313-291-269-247-225-224-1585
27.5,10,10,91.042,0,1584-316-315-314-313-291-269-247-225-224-1585
27.6,10,10,91.040,0,1584-316-315-314-313-291-269-247-225-224-1585
27.7,10,10,91.038,0,1584-316-315-314-313-291-269-247-225-224-1585
27.8,10,10,91.037,0,1584-316-315-314-313-291-269-247-225-224-1585
27.9,10,10,91.035,0,1584-316-315-314-313-291-269-247-225-224-1585
28.0,10,10,91.033,0,1584-316-315-314-313-291-269-247-225-224-1585
28.1,10,10,91.032,0,1584-316-315-314-313-291-269-247-225-224-1585
28.2,10,10,91.030,0,1584-316-315-314-313-291-269-247-225-224-1585
28.3,10,10,91.028,0,1584-316-315-314-313-291-269-247-225-224-1585
28.4,10,10,91.027,0,1584-316-315-314-313-291-269-247-225-224-1585
28.5,10,10,91.025,0,1584-316-315-314-313-291-269-247-225-224-1585
28.6,10,10,91.024,0,1584-316-315-314-313-291-269-247-225-224-1585
28.7,10,10,91.022,0,1584-316-315-314-313-291-269-247-225-224-1585
28.8,10,10,91.020,0,1584-316-315-314-313-291-269-247-225-224-1585
28.9,10,10,91.019,0,1584-316-315-314-313-291-269-247-225-224-1585
29.0,10,10,91.017,0,1584-316-315-314-313-291-269-247-225-224-1585
29.1,10,10,91.016,0,1584-316-315-314-313-291-269-247-225-224-1585
29.2,10,10,91.014,0,1584-316-315-314-313-291-269-247-225-224-1585
29.3,10,10,91.012,0,1584-316-315-314-313-291-269-247-225-224-1585
29.4,10,10,91.011,0,1584-316-315-314-313-291-269-247-225-224-1585
29.5,10,10,91.009,0,1584-316-315-314-313-291-269-247-225-224-1585
29.6,10,10,91.008,0,1584-316-315-314-313-291-269-247-225-224-1585
29.7,10,10,91.006,0,1584-316-315-314-313-291-269-247-225-224-1585
29.8,10,10,91.005,0,1584-316-315-314-313-291-269-247-225-224-1585
29.9,10,10,91.003,0,1584-316-315-314-313-291-269-247-225-224-1585
30.0,10,10,91.002,0,1584-316-315-314-313-291-269-247-225-224-1585
30.1,10,10,91.000,0,1584-316-315-314-313-291-269-247-225-224-1585
30.2,10,10,90.999,0,1584-316-315-314-313-291-269-247-225-224-1585
30.3,10,10,90.997,0,1584-316-315-314-313-291-269-247-225-224-1585
30.4,10,10,90.996,0,1584-316-315-314-313-291-269-247-225-224-1585
30.5,10,10,90.994,0,1584-316-315-314-313-291-269-247-225-224-1585
30.6,10,10,90.993,0,1584-316-315-314-313-291-269-247-225-224-1585
30.7,10,10,90.991,0,1584-316-315-314-313-291-269-247-225-224-1585
30.8,10,10,90.990,0,1584-316-315-314-313-291-269-247-225-224-1585
30.9,10,10,90.988,0,1584-316-315-314-313-291-269-247-225-224-1585
31.0,10,10,90.987,0,1584-316-315-314-313-291-269-247-225-224-1585
31.1,10,10,90.986,0,1584-316-315-314-313-291-269-247-225-224-1585
31.2,10,10,90.984,0,1584-316-315-314-313-291-269-247-225-224-1585
31.3,10,10,90.983,0,1584-316-315-314-313-291-269-247-225-224-1585
31.4,10,10,90.981,0,1584-316-315-314-313-291-269-247-225-224-1585
31.5,10,10,90.980,0,1584-316-315-314-313-291-269-247-225-224-1585
31.6,10,10,90.978,0,1584-316-315-314-313-291-269-247-225-224-1585
31.7,10,10,90.977,0,1584-316-315-314-313-291-269-247-225-224-1585
31.8,10,10,90.976,0,1584-316-315-314-313-291-269-247-225-224-1585
31.9,10,10,90.974,0,1584-316-315-314-313-291-269-247-225-224-1585
32.0,10,10,90.973,0,1584-316-315-314-313-291-269-247-225-224-1585
32.1,10,10,90.972,0,1584-316-315-314-313-291-269-247-225-224-1585
32.2,10,10,90.970,0,1584-316-315-314-313-291-269-247-225-224-1585
32.3,10,10,90.969,0,1584-316-315-314-313-291-269-247-225-224-1585
32.4,10,10,90.967,0,1584-316-315-314-313-291-269-247-225-224-1585
32.5,10,10,90.966,0,1584-316-315-314-313-291-269-247-225-224-1585
32.6,10,10,90.965,0,1584-316-315-314-313-291-269-247-225-224-1585
32.7,10,10,90.963,0,1584-316-315-314-313-291-269-247-225-224-1585
32.8,10,10,90.962,0,1584-316-315-314-313-291-269-247-225-224-1585
32.9,10,10,90.961,0,1584-316-315-314-313-291-269-247-225-224-1585
33.0,10,10,90.959,0,1584-316-315-314-313-291-269-247-225-224-1585
33.1,10,10,90.958,0,1584-316-315-314-313-291-269-247-225-224-1585
33.2,10,10,90.957,0,1584-316-315-314-313-291-269-247-225-224-1585
33.3,10,10,90.956,0,1584-316-315-314-313-291-269-247-225-224-1585
33.4,10,10,90.954,0,1584-316-315-314-313-291-269-247-225-224-1585
33.5,10,10,90.953,0,1584-316-315-314-313-291-269-247-225-224-1585
33.6,10,10,90.952,0,1584-316-315-314-313-291-269-247-225-224-1585
33.7,10,10,90.950,0,1584-316-315-314-313-291-269-247-225-224-1585
33.8,10,10,90.949,0,1584-316-315-314-313-291-269-247-225-224-1585
33.9,10,10,90.948,0,1584-316-315-314-313-291-269-247-225-224-1585
34.0,10,10,90.947,0,1584-316-315-314-313-291-269-247-225-224-1585
34.1,10,10,90.945,0,1584-316-315-314-313-291-269-247-225-224-1585
34.2,10,10,90.944,0,1584-316-315-314-313-291-269-247-225-224-1585
34.3,10,10,90.943,0,1584-316-315-314-313-291-269-247-225-224-1585
34.4,10,10,90.942,0,1584-316-315-314-313-291-269-247-225-224-1585
34.5,10,10,90.941,0,1584-316-315-314-313-291-269-247-225-224-1585
34.6,10,10,90.939,0,1584-316-315-314-313-291-269-247-225-224-1585
34.7,10,10,90.938,0,1584-316-315-314-313-291-269-247-225-224-1585
34.8,10,10,90.937,0,1584-316-315-314-313-291-269-247-225-224-1585
34.9,10,10,90.936,0,1584-316-315-314-313-291-269-247-225-224-1585
35.0,10,10,90.935,0,1584-316-315-314-313-291-269-247-225-224-1585
35.1,10,10,90.933,0,1584-316-315-314-313-291-269-247-225-224-1585
35.2,10,10,90.932,0,1584-316-315-314-313-291-269-247-225-224-1585
35.3,10,10,90.931,0,1584-316-315-314-313-291-269-247-225-224-1585
35.4,10,10,90.930,0,1584-316-315-314-313-291-269-247-225-224-1585
35.5,10,10,90.929,0,1584-316-315-314-313-291-269-247-225-224-1585
35.6,10,10,90.928,0,1584-316-315-314-313-291-269-247-225-224-1585
35.7,10,10,90.927,0,1584-316-315-314-313-291-269-247-225-224-1585
35.8,10,10,90.925,0,1584-316-315-314-313-291-269-247-225-224-1585
35.9,10,10,90.924,0,1584-316-315-314-313-291-269-247-225-224-1585
36.0,10,10,90.923,0,1584-316-315-314-313-291-269-247-225-224-1585
36.1,10,10,90.922,0,1584-316-315-314-313-291-269-247-225-224-1585
36.2,10,10,90.921,0,1584-316-315-314-313-291-269-247-225-224-1585
36.3,10,10,90.920,0,1584-316-315-314-313-291-269-247-225-224-1585
36.4,10,10,90.919,0,1584-316-315-314-313-291-269-247-225-224-1585
36.5,10,10,90.918,0,1584-316-315-314-313-291-269-247-225-224-1585
36.6,10,10,90.917,0,1584-316-315-314-313-291-269-247-225-224-1585
36.7,10,10,90.916,0,1584-316-315-314-313-291-269-247-225-224-1585
36.8,10,10,90.914,0,1584-316-315-314-313-291-269-247-225-224-1585
36.9,10,10,90.913,0,1584-316-315-314-313-291-269-247-225-224-1585
37.0,10,10,90.912,0,1584-316-315-314-313-291-269-247-225-224-1585
37.1,10,10,90.911,0,1584-316-315-314-313-291-269-247-225-224-1585
37.2,10,10,90.910,0,1584-316-315-314-313-291-269-247-225-224-1585
37.3,10,10,90.909,0,1584-316-315-314-313-291-269-247-225-224-1585
37.4,10,10,90.908,0,1584-316-315-314-313-291-269-247-225-224-1585
37.5,10,10,90.907,0,1584-316-315-314-313-291-269-247-225-224-1585
37.6,10,10,90.906,0,1584-316-315-314-313-291-269-247-225-224-1585
37.7,10,10,90.905,0,1584-316-315-314-313-291-269-247-225-224-1585
37.8,10,10,90.904,0,1584-316-315-314-313-291-269-247-225-224-1585
37.9,10,10,90.903,0,1584-316-315-314-313-291-269-247-225-224-1585
38.0,10,10,90.902,0,1584-316-315-314-313-291-269-247-225-224-1585
38.1,10,10,90.901,0,1584-316-315-314-313-291-269-247-225-224-1585
38.2,10,10,90.900,0,1584-316-315-314-313-291-269-247-225-224-1585
38.3,10,10,90.899,0,1584-316-315-314-313-291-269-247-225-224-1585
38.4,10,10,90.898,0,1584-316-315-314-313-291-269-247-225-224-1585
38.5,10,10,90.897,0,1584-316-315-314-313-291-269-247-225-224-1585
38.6,10,10,90.897,0,1584-316-315-314-313-291-269-247-225-224-1585
38.7,10,10,90.896,0,1584-316-315-314-313-291-269-247-225-224-1585
38.8,10,10,90.895,0,1584-316-315-314-313-291-269-247-225-224-1585
38.9,10,10,90.894,0,1584-316-315-314-313-291-269-247-225-224-1585
39.0,10,10,90.893,0,1584-316-315-314-313-291-269-247-225-224-1585
39.1,10,10,90.892,0,1584-316-315-314-313-291-269-247-225-224-1585
39.2,10,10,90.891,0,1584-316-315-314-313-291-269-247-225-224-1585
39.3,10,10,90.890,0,1584-316-315-314-313-291-269-247-225-224-1585
39.4,10,10,90.889,0,1584-316-315-314-313-291-269-247-225-224-1585
39.5,10,10,90.888,0,1584-316-315-314-313-291-269-247-225-224-1585
39.6,10,10,90.887,0,1584-316-315-314-313-291-269-247-225-224-1585
39.7,10,10,90.887,0,1584-316-315-314-313-291-269-247-225-224-1585
39.8,10,10,90.886,0,1584-316-315-314-313-291-269-247-225-224-1585
39.9,10,10,90.885,0,1584-316-315-314-313-291-269-247-225-224-1585
40.0,10,10,90.884,0,1584-316-315-314-313-291-269-247-225-224-1585
40.1,10,10,90.883,0,1584-316-315-314-313-291-269-247-225-224-1585
40.2,10,10,90.882,0,1584-316-315-314-313-291-269-247-225-224-1585
40.3,10,10,90.882,0,1584-316-315-314-313-291-269-247-225-224-1585
40.4,10,10,90.881,0,1584-316-315-314-313-291-269-247-225-224-1585
40.5,10,10,90.880,0,1584-316-315-314-313-291-269-247-225-224-1585
40.6,10,10,90.879,0,1584-316-315-314-313-291-269-247-225-224-1585
40.7,10,10,90.878,0,1584-316-315-314-313-291-269-247-225-224-1585
40.8,10,10,90.877,0,1584-316-315-314-313-291-269-247-225-224-1585
40.9,10,10,90.877,0,1584-316-315-314-313-291-269-247-225-224-1585
41.0,10,10,90.876,0,1584-316-315-314-313-291-269-247-225-224-1585
41.1,10,10,90.875,0,1584-316-315-314-313-291-269-247-225-224-1585
41.2,10,10,90.874,0,1584-316-315-314-313-291-269-247-225-224-1585
41.3,10,10,90.874,0,1584-316-315-314-313-291-269-247-225-224-1585
41.4,10,10,90.873,0,1584-316-315-314-313-291-269-247-225-224-1585
41.5,10,10,90.872,0,1584-316-315-314-313-291-269-247-225-224-1585
41.6,10,10,90.871,0,1584-316-315-314-313-291-269-247-225-224-1585
41.7,10,10,90.871,0,1584-316-315-314-313-291-269-247-225-224-1585
41.8,10,10,90.870,0,1584-316-315-314-313-291-269-247-225-224-1585
41.9,10,10,90.869,0,1584-316-315-314-313-291-269-247-225-224-1585
42.0,10,10,90.868,0,1584-316-315-314-313-291-269-247-225-224-1585
42.1,10,10,90.868,0,1584-316-315-314-313-291-269-247-225-224-1585
42.2,10,10,90.867,0,1584-316-315-314-313-291-269-247-225-224-1585
42.3,10,10,90.866,0,1584-316-315-314-313-291-269-247-225-224-1585
42.4,10,10,90.866,0,1584-316-315-314-313-291-269-247-225-224-1585
42.5,10,10,90.865,0,1584-316-315-314-313-291-269-247-225-224-1585
42.6,10,10,90.864,0,1584-316-315-314-313-291-269-247-225-224-1585
42.7,10,10,90.864,0,1584-316-315-314-313-291-269-247-225-224-1585
42.8,10,10,90.863,0,1584-316-315-314-313-291-269-247-225-224-1585
42.9,10,10,90.862,0,1584-316-315-314-313-291-269-247-225-224-1585
43.0,10,10,90.862,0,1584-316-315-314-313-291-269-247-225-224-1585
43.1,10,10,90.861,0,1584-316-315-314-313-291-269-247-225-224-1585
43.2,10,10,90.860,0,1584-316-315-314-313-291-269-247-225-224-1585
43.3,10,10,90.860,0,1584-316-315-314-313-291-269-247-225-224-1585
43.4,10,10,90.859,0,1584-316-315-314-313-291-269-247-225-224-1585
43.5,10,10,90.858,0,1584-316-315-314-313-291-269-247-225-224-1585
43.6,10,10,90.858,0,1584-316-315-314-313-291-269-247-225-224-1585
43.7,10,10,90.857,0,1584-316-315-314-313-291-269-247-225-224-1585
43.8,10,10,90.857,0,1584-316-315-314-313-291-269-247-225-224-1585
43.9,10,10,90.856,0,1584-316-315-314-313-291-269-247-225-224-1585
44.0,10,10,90.855,0,1584-316-315-314-313-291-269-247-225-224-1585
44.1,10,10,90.855,0,1584-316-315-314-313-291-269-247-225-224-1585
44.2,10,10,90.854,0,1584-316-315-314-313-291-269-247-225-224-1585
44.3,10,10,90.854,0,1584-316-315-314-313-291-269-247-225-224-1585
44.4,10,10,90.853,0,1584-316-315-314-313-291-269-247-225-224-1585
44.5,10,10,90.853,0,1584-316-315-314-313-291-269-247-225-224-1585
44.6,10,10,90.852,0,1584-316-315-314-313-291-269-247-225-224-1585
44.7,10,10,90.852,0,1584-316-315-314-313-291-269-247-225-224-1585
44.8,10,10,90.851,0,1584-316-315-314-313-291-269-247-225-224-1585
44.9,10,10,90.851,0,1584-316-315-314-313-291-269-247-225-224-1585
45.0,10,10,90.850,0,1584-316-315-314-313-291-269-247-225-224-1585
45.1,10,10,90.850,0,1584-316-315-314-313-291-269-247-225-224-1585
45.2,10,10,90.849,0,1584-316-315-314-313-291-269-247-225-224-1585
45.3,10,10,90.848,0,1584-316-315-314-313-291-269-247-225-224-1585
45.4,10,10,90.848,0,1584-316-315-314-313-291-269-247-225-224-1585
45.5,10,10,90.848,0,1584-316-315-314-313-291-269-247-225-224-1585
45.6,10,10,90.847,0,1584-316-315-314-313-291-269-247-225-224-1585
45.7,10,10,90.847,0,1584-316-315-314-313-291-269-247-225-224-1585
45.8,10,10,90.846,0,1584-316-315-314-313-291-269-247-225-224-1585
45.9,10,10,90.846,0,1584-316-315-314-313-291-269-247-225-224-1585
46.0,10,10,90.845,0,1584-316-315-314-313-291-269-247-225-224-1585
46.1,10,10,90.845,0,1584-316-315-314-313-291-269-247-225-224-1585
46.2,10,10,90.844,0,1584-316-315-314-313-291-269-247-225-224-1585
46.3,10,10,90.844,0,1584-316-315-314-313-291-269-247-225-224-1585
46.4,10,10,90.843,0,1584-316-315-314-313-291-269-247-225-224-1585
46.5,10,10,90.843,0,1584-316-315-314-313-291-269-247-225-224-1585
46.6,10,10,90.843,0,1584-316-315-314-313-291-269-247-225-224-1585
46.7,10,10,90.842,0,1584-316-315-314-313-291-269-247-225-224-1585
46.8,10,10,90.842,0,1584-316-315-314-313-291-269-247-225-224-1585
46.9,10,10,90.841,0,1584-316-315-314-313-291-269-247-225-224-1585
47.0,10,10,90.841,0,1584-316-315-314-313-291-269-247-225-224-1585
47.1,10,10,90.841,0,1584-316-315-314-313-291-269-247-225-224-1585
47.2,10,10,90.840,0,1584-316-315-314-313-291-269-247-225-224-1585
47.3,10,10,90.840,0,1584-316-315-314-313-291-269-247-225-224-1585
47.4,10,10,90.840,0,1584-316-315-314-313-291-269-247-225-224-1585
47.5,10,10,90.839,0,1584-316-315-314-313-291-269-247-225-224-1585
47.6,10,10,90.839,0,1584-316-315-314-313-291-269-247-225-224-1585
47.7,10,10,90.839,0,1584-316-315-314-313-291-269-247-225-224-1585
47.8,10,10,90.838,0,1584-316-315-314-313-291-269-247-225-224-1585
47.9,10,10,90.838,0,1584-316-315-314-313-291-269-247-225-224-1585
48.0,10,10,90.838,0,1584-316-315-314-313-291-269-247-225-224-1585
48.1,10,10,90.837,0,1584-316-315-314-313-291-269-247-225-224-1585
48.2,10,10,90.837,0,1584-316-315-314-313-291-269-247-225-224-1585
48.3,10,10,90.837,0,1584-316-315-314-313-291-269-247-225-224-1585
48.4,10,10,90.836,0,1584-316-315-314-313-291-269-247-225-224-1585
48.5,10,10,90.836,0,1584-316-315-314-313-291-269-247-225-224-1585
48.6,10,10,90.836,0,1584-316-315-314-313-291-269-247-225-224-1585
48.7,10,10,90.835,0,1584-316-315-314-313-291-269-247-225-224-1585
48.8,10,10,90.835,0,1584-316-315-314-313-291-269-247-225-224-1585
48.9,10,10,90.835,0,1584-316-315-314-313-291-269-247-225-224-1585
49.0,10,10,90.835,0,1584-316-315-314-313-291-269-247-225-224-1585
49.1,10,10,90.834,0,1584-316-315-314-313-291-269-247-225-224-1585
49.2,10,10,90.834,0,1584-316-315-314-313-291-269-247-225-224-1585
49.3,10,10,90.834,0,1584-316-315-314-313-291-269-247-225-224-1585
49.4,10,10,90.834,0,1584-316-315-314-313-291-269-247-225-224-1585
49.5,10,10,90.834,0,1584-316-315-314-313-291-269-247-225-224-1585
49.6,10,10,90.833,0,1584-316-315-314-313-291-269-247-225-224-1585
49.7,10,10,90.833,0,1584-316-315-314-313-291-269-247-225-224-1585
49.8,10,10,90.833,0,1584-316-315-314-313-291-269-247-225-224-1585
49.9,10,10,90.833,0,1584-316-315-314-313-291-269-247-225-224-1585
50.0,10,10,90.833,0,1584-316-315-314-313-291-269-247-225-224-1585
50.1,10,10,90.832,0,1584-316-315-314-313-291-269-247-225-224-1585
50.2,10,10,90.832,0,1584-316-315-314-313-291-269-247-225-224-1585
50.3,10,10,90.832,0,1584-316-315-314-313-291-269-247-225-224-1585
50.4,10,10,90.832,0,1584-316-315-314-313-291-269-247-225-224-1585
50.5,10,10,90.832,0,1584-316-315-314-313-291-269-247-225-224-1585
50.6,10,10,90.832,0,1584-316-315-314-313-291-269-247-225-224-1585
50.7,10,10,90.831,0,1584-316-315-314-313-291-269-247-225-224-1585
50.8,10,10,90.831,0,1584-316-315-314-313-291-269-247-225-224-1585
50.9,10,10,90.831,0,1584-316-315-314-313-291-269-247-225-224-1585
51.0,10,10,90.831,0,1584-316-315-314-313-291-269-247-225-224-1585
51.1,10,10,90.831,0,1584-316-315-314-313-291-269-247-225-224-1585
51.2,10,10,90.831,0,1584-316-315-314-313-291-269-247-225-224-1585
51.3,10,10,90.831,0,1584-316-315-314-313-291-269-247-225-224-1585
51.4,10,10,90.831,0,1584-316-315-314-313-291-269-247-225-224-1585
51.5,10,10,90.831,0,1584-316-315-314-313-291-269-247-225-224-1585
51.6,10,10,90.830,0,1584-316-315-314-313-291-269-247-225-224-1585
51.7,10,10,90.830,0,1584-316-315-314-313-291-269-247-225-224-1585
51.8,10,10,90.830,0,1584-316-315-314-313-291-269-247-225-224-1585
51.9,10,10,90.830,0,1584-316-315-314-313-291-269-247-225-224-1585
52.0,10,10,90.830,0,1584-316-315-314-313-291-269-247-225-224-1585
52.1,10,10,90.830,0,1584-316-315-314-313-291-269-247-225-224-1585
52.2,10,10,90.830,0,1584-316-315-314-313-291-269-247-225-224-1585
52.3,10,10,90.830,0,1584-316-315-314-313-291-269-247-225-224-1585
52.4,10,10,90.830,0,1584-316-315-314-313-291-269-247-225-224-1585
52.5,10,10,90.830,0,1584-316-315-314-313-291-269-247-225-224-1585
52.6,10,10,90.830,0,1584-316-315-314-313-291-269-247-225-224-1585
52.7,10,10,90.830,0,1584-316-315-314-313-291-269-247-225-224-1585
52.8,10,10,90.830,0,1584-316-315-314-313-291-269-247-225-224-1585
52.9,10,10,90.830,0,1584-316-315-314-313-291-269-247-225-224-1585
53.0,10,10,90.830,0,1584-316-315-314-313-291-269-247-225-224-1585
53.1,10,10,90.830,0,1584-316-315-314-313-291-269-247-225-224-1585
53.2,10,10,90.830,0,1584-316-315-314-313-291-269-247-225-224-1585
53.3,10,10,90.830,0,1584-316-315-314-313-291-269-247-225-224-1585
53.4,10,10,90.830,0,1584-316-315-314-313-291-269-247-225-224-1585
53.5,10,10,90.830,0,1584-316-315-314-313-291-269-247-225-224-1585
53.6,10,10,90.830,0,1584-316-315-314-313-291-269-247-225-224-1585
53.7,10,10,90.830,0,1584-316-315-314-313-291-269-247-225-224-1585
53.8,10,10,90.830,0,1584-316-315-314-313-291-269-247-225-224-1585
53.9,10,10,90.830,0,1584-316-315-314-313-291-269-247-225-224-1585
54.0,10,10,90.830,0,1584-316-315-314-313-291-269-247-225-224-1585
54.1,10,10,90.830,0,1584-316-315-314-313-291-269-247-225-224-1585
54.2,10,10,90.831,0,1584-316-315-314-313-291-269-247-225-224-1585
54.3,10,10,90.831,0,1584-316-315-314-313-291-269-247-225-224-1585
54.4,10,10,90.831,0,1584-316-315-314-313-291-269-247-225-224-1585
54.5,10,10,90.831,0,1584-316-315-314-313-291-269-247-225-224-1585
54.6,10,10,90.831,0,1584-316-315-314-313-291-269-247-225-224-1585
54.7,10,10,90.831,0,1584-316-315-314-313-291-269-247-225-224-1585
54.8,10,10,90.831,0,1584-316-315-314-313-291-269-247-225-224-1585
54.9,10,10,90.831,0,1584-316-315-314-313-291-269-247-225-224-1585
55.0,10,10,90.832,0,1584-316-315-314-313-291-269-247-225-224-1585
55.1,10,10,90.832,0,1584-316-315-314-313-291-269-247-225-224-1585
55.2,10,10,90.832,0,1584-316-315-314-313-291-269-247-225-224-1585
55.3,10,10,90.832,0,1584-316-315-314-313-291-269-247-225-224-1585
55.4,10,10,90.832,0,1584-316-315-314-313-291-269-247-225-224-1585
55.5,10,10,90.832,0,1584-316-315-314-313-291-269-247-225-224-1585
55.6,10,10,90.833,0,1584-316-315-314-313-291-269-247-225-224-1585
55.7,10,10,90.833,0,1584-316-315-314-313-291-269-247-225-224-1585
55.8,10,10,90.833,0,1584-316-315-314-313-291-269-247-225-224-1585
55.9,10,10,90.833,0,1584-316-315-314-313-291-269-247-225-224-1585
56.0,10,10,90.833,0,1584-316-315-314-313-291-269-247-225-224-1585
56.1,10,10,90.833,0,1584-316-315-314-313-291-269-247-225-224-1585
56.2,10,10,90.834,0,1584-316-315-314-313-291-269-247-225-224-1585
56.3,10,10,90.834,0,1584-316-315-314-313-291-269-247-225-224-1585
56.4,10,10,90.834,0,1584-316-315-314-313-291-269-247-225-224-1585
56.5,10,10,90.834,0,1584-316-315-314-313-291-269-247-225-224-1585
56.6,10,10,90.835,0,1584-316-315-314-313-291-269-247-225-224-1585
56.7,10,10,90.835,0,1584-316-315-314-313-291-269-247-225-224-1585
56.8,10,10,90.835,0,1584-316-315-314-313-291-269-247-225-224-1585
56.9,10,10,90.835,0,1584-316-315-314-313-291-269-247-225-224-1585
57.0,10,10,90.836,0,1584-316-315-314-313-291-269-247-225-224-1585
57.1,10,10,90.836,0,1584-316-315-314-313-291-269-247-225-224-1585
57.2,10,10,90.836,0,1584-316-315-314-313-291-269-247-225-224-1585
57.3,10,10,90.837,0,1584-316-315-314-313-291-269-247-225-224-1585
57.4,10,10,90.837,0,1584-316-315-314-313-291-269-247-225-224-1585
57.5,10,10,90.837,0,1584-316-315-314-313-291-269-247-225-224-1585
57.6,10,10,90.837,0,1584-316-315-314-313-291-269-247-225-224-1585
57.7,10,10,90.838,0,1584-316-315-314-313-291-269-247-225-224-1585
57.8,10,10,90.838,0,1584-316-315-314-313-291-269-247-225-224-1585
57.9,10,10,90.838,0,1584-316-315-314-313-291-269-247-225-224-1585
58.0,10,10,90.839,0,1584-316-315-314-313-291-269-247-225-224-1585
58.1,10,10,90.839,0,1584-316-315-314-313-291-269-247-225-224-1585
58.2,10,10,90.839,0,1584-316-315-314-313-291-269-247-225-224-1585
58.3,10,10,90.840,0,1584-316-315-314-313-291-269-247-225-224-1585
58.4,10,10,90.840,0,1584-316-315-314-313-291-269-247-225-224-1585
58.5,10,10,90.841,0,1584-316-315-314-313-291-269-247-225-224-1585
58.6,10,10,90.841,0,1584-316-315-314-313-291-269-247-225-224-1585
58.7,10,10,90.841,0,1584-316-315-314-313-291-269-247-225-224-1585
58.8,10,10,90.842,0,1584-316-315-314-313-291-269-247-225-224-1585
58.9,10,10,90.842,0,1584-316-315-314-313-291-269-247-225-224-1585
59.0,10,10,90.842,0,1584-316-315-314-313-291-269-247-225-224-1585
59.1,10,10,90.843,0,1584-316-315-314-313-291-269-247-225-224-1585
59.2,10,10,90.843,0,1584-316-315-314-313-291-269-247-225-224-1585
59.3,10,10,90.844,0,1584-316-315-314-313-291-269-247-225-224-1585
59.4,10,10,90.844,0,1584-316-315-314-313-291-269-247-225-224-1585
59.5,10,10,90.845,0,1584-316-315-314-313-291-269-247-225-224-1585
59.6,10,10,90.845,0,1584-316-315-314-313-291-269-247-225-224-1585
59.7,10,10,90.845,0,1584-316-315-314-313-291-269-247-225-224-1585
59.8,10,10,90.846,0,1584-316-315-314-313-291-269-247-225-224-1585
59.9,10,10,90.846,0,1584-316-315-314-313-291-269-247-225-224-1585
60.0,10,10,90.847,0,1584-316-315-314-313-291-269-247-225-224-1585
60.1,10,10,90.847,0,1584-316-315-314-313-291-269-247-225-224-1585
60.2,10,10,90.848,0,1584-316-315-314-313-291-269-247-225-224-1585
60.3,10,10,90.848,0,1584-316-315-314-313-291-269-247-225-224-1585
60.4,10,10,90.849,0,1584-316-315-314-313-291-269-247-225-224-1585
60.5,10,10,90.849,0,1584-316-315-314-313-291-269-247-225-224-1585
60.6,10,10,90.850,0,1584-316-315-314-313-291-269-247-225-224-1585
60.7,10,10,90.850,0,1584-316-315-314-313-291-269-247-225-224-1585
60.8,10,10,90.851,0,1584-316-315-314-313-291-269-247-225-224-1585
60.9,10,10,90.851,0,1584-316-315-314-313-291-269-247-225-224-1585
61.0,10,10,90.852,0,1584-316-315-314-313-291-269-247-225-224-1585
61.1,10,10,90.852,0,1584-316-315-314-313-291-269-247-225-224-1585
61.2,10,10,90.853,0,1584-316-315-314-313-291-269-247-225-224-1585
61.3,10,10,90.853,0,1584-316-315-314-313-291-269-247-225-224-1585
61.4,10,10,90.854,0,1584-316-315-314-313-291-269-247-225-224-1585
61.5,10,10,90.855,0,1584-316-315-314-313-291-269-247-225-224-1585
61.6,10,10,90.855,0,1584-316-315-314-313-291-269-247-225-224-1585
61.7,10,10,90.856,0,1584-316-315-314-313-291-269-247-225-224-1585
61.8,10,10,90.856,0,1584-316-315-314-313-291-269-247-225-224-1585
61.9,10,10,90.857,0,1584-316-315-314-313-291-269-247-225-224-1585
62.0,10,10,90.857,0,1584-316-315-314-313-291-269-247-225-224-1585
62.1,10,10,90.858,0,1584-316-315-314-313-291-269-247-225-224-1585
62.2,10,10,90.859,0,1584-316-315-314-313-291-269-247-225-224-1585
62.3,10,10,90.859,0,1584-316-315-314-313-291-269-247-225-224-1585
62.4,10,10,90.860,0,1584-316-315-314-313-291-269-247-225-224-1585
62.5,10,10,90.861,0,1584-316-315-314-313-291-269-247-225-224-1585
62.6,10,10,90.861,0,1584-316-315-314-313-291-269-247-225-224-1585
62.7,10,10,90.862,0,1584-316-315-314-313-291-269-247-225-224-1585
62.8,10,10,90.862,0,1584-316-315-314-313-291-269-247-225-224-1585
62.9,10,10,90.863,0,1584-316-315-314-313-291-269-247-225-224-1585
63.0,10,10,90.864,0,1584-316-315-314-313-291-269-247-225-224-1585
63.1,10,10,90.864,0,1584-316-315-314-313-291-269-247-225-224-1585
63.2,10,10,90.865,0,1584-316-315-314-313-291-269-247-225-224-1585
63.3,10,10,90.866,0,1584-316-315-314-313-291-269-247-225-224-1585
63.4,10,10,90.866,0,1584-316-315-314-313-291-269-247-225-224-1585
63.5,10,10,90.867,0,1584-316-315-314-313-291-269-247-225-224-1585
63.6,10,10,90.868,0,1584-316-315-314-313-291-269-247-225-224-1585
63.7,10,10,90.869,0,1584-316-315-314-313-291-269-247-225-224-1585
63.8,10,10,90.869,0,1584-316-315-314-313-291-269-247-225-224-1585
63.9,10,10,90.870,0,1584-316-315-314-313-291-269-247-225-224-1585
64.0,10,10,90.871,0,1584-316-315-314-313-291-269-247-225-224-1585
64.1,10,10,90.871,0,1584-316-315-314-313-291-269-247-225-224-1585
64.2,10,10,90.872,0,1584-316-315-314-313-291-269-247-225-224-1585
64.3,10,10,90.873,0,1584-316-315-314-313-291-269-247-225-224-1585
64.4,10,10,90.874,0,1584-316-315-314-313-291-269-247-225-224-1585
64.5,10,10,90.874,0,1584-316-315-314-313-291-269-247-225-224-1585
64.6,10,10,90.875,0,1584-316-315-314-313-291-269-247-225-224-1585
64.7,10,10,90.876,0,1584-316-315-314-313-291-269-247-225-224-1585
64.8,10,10,90.877,0,1584-316-315-314-313-291-269-247-225-224-1585
64.9,10,10,90.877,0,1584-316-315-314-313-291-269-247-225-224-1585
65.0,10,10,90.878,0,1584-316-315-314-313-291-269-247-225-224-1585
65.1,10,10,90.879,0,1584-316-315-314-313-291-269-247-225-224-1585
65.2,10,10,90.880,0,1584-316-315-314-313-291-269-247-225-224-1585
65.3,10,10,90.881,0,1584-316-315-314-313-291-269-247-225-224-1585
65.4,10,10,90.881,0,1584-316-315-314-313-291-269-247-225-224-1585
65.5,10,10,90.882,0,1584-316-315-314-313-291-269-247-225-224-1585
65.6,10,10,90.883,0,1584-316-315-314-313-291-269-247-225-224-1585
65.7,10,10,90.884,0,1584-316-315-314-313-291-269-247-225-224-1585
65.8,10,10,90.885,0,1584-316-315-314-313-291-269-247-225-224-1585
65.9,10,10,90.886,0,1584-316-315-314-313-291-269-247-225-224-1585
66.0,10,10,90.886,0,1584-316-315-314-313-291-269-247-225-224-1585
66.1,10,10,90.887,0,1584-316-315-314-313-291-269-247-225-224-1585
66.2,10,10,90.888,0,1584-316-315-314-313-291-269-247-225-224-1585
66.3,10,10,90.889,0,1584-316-315-314-313-291-269-247-225-224-1585
66.4,10,10,90.890,0,1584-316-315-314-313-291-269-247-225-224-1585
66.5,10,10,90.891,0,1584-316-315-314-313-291-269-247-225-224-1585
66.6,10,10,90.892,0,1584-316-315-314-313-291-269-247-225-224-1585
66.7,10,10,90.893,0,1584-316-315-314-313-291-269-247-225-224-1585
66.8,10,10,90.894,0,1584-316-315-314-313-291-269-247-225-224-1585
66.9,10,10,90.894,0,1584-316-315-314-313-291-269-247-225-224-1585
67.0,10,10,90.895,0,1584-316-315-314-313-291-269-247-225-224-1585
67.1,10,10,90.896,0,1584-316-315-314-313-291-269-247-225-224-1585
67.2,10,10,90.897,0,1584-316-315-314-313-291-269-247-225-224-1585
67.3,10,10,90.898,0,1584-316-315-314-313-291-269-247-225-224-1585
67.4,10,10,90.899,0,1584-316-315-314-313-291-269-247-225-224-1585
67.5,10,10,90.900,0,1584-316-315-314-313-291-269-247-225-224-1585
67.6,10,10,90.901,0,1584-316-315-314-313-291-269-247-225-224-1585
67.7,10,10,90.902,0,1584-316-315-314-313-291-269-247-225-224-1585
67.8,10,10,90.903,0,1584-316-315-314-313-291-269-247-225-224-1585
67.9,10,10,90.904,0,1584-316-315-314-313-291-269-247-225-224-1585
68.0,10,10,90.905,0,1584-316-315-314-313-291-269-247-225-224-1585
68.1,10,10,90.906,0,1584-316-315-314-313-291-269-247-225-224-1585
68.2,10,10,90.907,0,1584-316-315-314-313-291-269-247-225-224-1585
68.3,10,10,90.908,0,1584-316-315-314-313-291-269-247-225-224-1585
68.4,10,10,90.909,0,1584-316-315-314-313-291-269-247-225-224-1585
68.5,10,10,90.910,0,1584-316-315-314-313-291-269-247-225-224-1585
68.6,10,10,90.911,0,1584-316-315-314-313-291-269-247-225-224-1585
68.7,10,10,90.912,0,1584-316-315-314-313-291-269-247-225-224-1585
68.8,10,10,90.913,0,1584-316-315-314-313-291-269-247-225-224-1585
68.9,10,10,90.914,0,1584-316-315-314-313-291-269-247-225-224-1585
69.0,10,10,90.915,0,1584-316-315-314-313-291-269-247-225-224-1585
69.1,10,10,90.916,0,1584-316-315-314-313-291-269-247-225-224-1585
69.2,10,10,90.917,0,1584-316-315-314-313-291-269-247-225-224-1585
69.3,10,10,90.918,0,1584-316-315-314-313-291-269-247-225-224-1585
69.4,10,10,90.919,0,1584-316-315-314-313-291-269-247-225-224-1585
69.5,10,10,90.920,0,1584-316-315-314-313-291-269-247-225-224-1585
69.6,10,10,90.921,0,1584-316-315-314-313-291-269-247-225-224-1585
69.7,10,10,90.922,0,1584-316-315-314-313-291-269-247-225-224-1585
69.8,10,10,90.924,0,1584-316-315-314-313-291-269-247-225-224-1585
69.9,10,10,90.925,0,1584-316-315-314-313-291-269-247-225-224-1585
70.0,10,10,90.926,0,1584-316-315-314-313-291-269-247-225-224-1585
70.1,10,10,90.927,0,1584-316-315-314-313-291-269-247-225-224-1585
70.2,10,10,90.928,0,1584-316-315-314-313-291-269-247-225-224-1585
70.3,10,10,90.929,0,1584-316-315-314-313-291-269-247-225-224-1585
70.4,10,10,90.930,0,1584-316-315-314-313-291-269-247-225-224-1585
70.5,10,10,90.931,0,1584-316-315-314-313-291-269-247-225-224-1585
70.6,10,10,90.932,0,1584-316-315-314-313-291-269-247-225-224-1585
70.7,10,10,90.934,0,1584-316-315-314-313-291-269-247-225-224-1585
70.8,10,10,90.935,0,1584-316-315-314-313-291-269-247-225-224-1585
70.9,10,10,90.936,0,1584-316-315-314-313-291-269-247-225-224-1585
71.0,10,10,90.937,0,1584-316-315-314-313-291-269-247-225-224-1585
71.1,10,10,90.938,0,1584-316-315-314-313-291-269-247-225-224-1585
71.2,10,10,90.939,0,1584-316-315-314-313-291-269-247-225-224-1585
71.3,10,10,90.941,0,1584-316-315-314-313-291-269-247-225-224-1585
71.4,10,10,90.942,0,1584-316-315-314-313-291-269-247-225-224-1585
71.5,10,10,90.943,0,1584-316-315-314-313-291-269-247-225-224-1585
71.6,10,10,90.944,0,1584-316-315-314-313-291-269-247-225-224-1585
71.7,10,10,90.945,0,1584-316-315-314-313-291-269-247-225-224-1585
71.8,10,10,90.947,0,1584-316-315-314-313-291-269-247-225-224-1585
71.9,10,10,90.948,0,1584-316-315-314-313-291-269-247-225-224-1585
72.0,10,10,90.949,0,1584-316-315-314-313-291-269-247-225-224-1585
72.1,10,10,90.950,0,1584-316-315-314-313-291-269-247-225-224-1585
72.2,10,10,90.952,0,1584-316-315-314-313-291-269-247-225-224-1585
72.3,10,10,90.953,0,1584-316-315-314-313-291-269-247-225-224-1585
72.4,10,10,90.954,0,1584-316-315-314-313-291-269-247-225-224-1585
72.5,10,10,90.955,0,1584-316-315-314-313-291-269-247-225-224-1585
72.6,10,10,90.957,0,1584-316-315-314-313-291-269-247-225-224-1585
72.7,10,10,90.958,0,1584-316-315-314-313-291-269-247-225-224-1585
72.8,10,10,90.959,0,1584-316-315-314-313-291-269-247-225-224-1585
72.9,10,10,90.960,0,1584-316-315-314-313-291-269-247-225-224-1585
73.0,10,10,90.962,0,1584-316-315-314-313-291-269-247-225-224-1585
73.1,10,10,90.963,0,1584-316-315-314-313-291-269-247-225-224-1585
73.2,10,10,90.964,0,1584-316-315-314-313-291-269-247-225-224-1585
73.3,10,10,90.966,0,1584-316-315-314-313-291-269-247-225-224-1585
73.4,10,10,90.967,0,1584-316-315-314-313-291-269-247-225-224-1585
73.5,10,10,90.968,0,1584-316-315-314-313-291-269-247-225-224-1585
73.6,10,10,90.970,0,1584-316-315-314-313-291-269-247-225-224-1585
73.7,10,10,90.971,0,1584-316-315-314-313-291-269-247-225-224-1585
73.8,10,10,90.972,0,1584-316-315-314-313-291-269-247-225-224-1585
73.9,10,10,90.974,0,1584-316-315-314-313-291-269-247-225-224-1585
74.0,10,10,90.975,0,1584-316-315-314-313-291-269-247-225-224-1585
74.1,10,10,90.976,0,1584-316-315-314-313-291-269-247-225-224-1585
74.2,10,10,90.978,0,1584-316-315-314-313-291-269-247-225-224-1585
74.3,10,10,90.979,0,1584-316-315-314-313-291-269-247-225-224-1585
74.4,10,10,90.980,0,1584-316-315-314-313-291-269-247-225-224-1585
74.5,10,10,90.982,0,1584-316-315-314-313-291-269-247-225-224-1585
74.6,10,10,90.983,0,1584-316-315-314-313-291-269-247-225-224-1585
74.7,10,10,90.985,0,1584-316-315-314-313-291-269-247-225-224-1585
74.8,10,10,90.986,0,1584-316-315-314-313-291-269-247-225-224-1585
74.9,10,10,90.987,0,1584-316-315-314-313-291-269-247-225-224-1585
75.0,10,10,87.644,1,1584-337-336-335-313-291-269-247-225-224-1585
75.1,10,10,87.643,0,1584-337-336-335-313-291-269-247-225-224-1585
75.2,10,10,87.642,0,1584-337-336-335-313-291-269-247-225-224-1585
75.3,10,10,87.640,0,1584-337-336-335-313-291-269-247-225-224-1585
75.4,10,10,87.639,0,1584-337-336-335-313-291-269-247-225-224-1585
75.5,10,10,87.638,0,1584-337-336-335-313-291-269-247-225-224-1585
75.6,10,10,87.637,0,1584-337-336-335-313-291-269-247-225-224-1585
75.7,10,10,87.635,0,1584-337-336-335-313-291-269-247-225-224-1585
75.8,10,10,87.634,0,1584-337-336-335-313-291-269-247-225-224-1585
75.9,10,10,87.633,0,1584-337-336-335-313-291-269-247-225-224-1585
76.0,10,10,87.632,0,1584-337-336-335-313-291-269-247-225-224-1585
76.1,10,10,87.631,0,1584-337-336-335-313-291-269-247-225-224-1585
76.2,10,10,87.629,0,1584-337-336-335-313-291-269-247-225-224-1585
76.3,10,10,87.628,0,1584-337-336-335-313-291-269-247-225-224-1585
76.4,10,10,87.627,0,1584-337-336-335-313-291-269-247-225-224-1585
76.5,10,10,87.626,0,1584-337-336-335-313-291-269-247-225-224-1585
76.6,10,10,87.625,0,1584-337-336-335-313-291-269-247-225-224-1585
76.7,10,10,87.623,0,1584-337-336-335-313-291-269-247-225-224-1585
76.8,10,10,87.622,0,1584-337-336-335-313-291-269-247-225-224-1585
76.9,10,10,87.621,0,1584-337-336-335-313-291-269-247-225-224-1585
77.0,10,10,87.620,0,1584-337-336-335-313-291-269-247-225-224-1585
77.1,10,10,87.619,0,1584-337-336-335-313-291-269-247-225-224-1585
77.2,10,10,87.618,0,1584-337-336-335-313-291-269-247-225-224-1585
77.3,10,10,87.616,0,1584-337-336-335-313-291-269-247-225-224-1585
77.4,10,10,87.615,0,1584-337-336-335-313-291-269-247-225-224-1585
77.5,10,10,87.614,0,1584-337-336-335-313-291-269-247-225-224-1585
77.6,10,10,87.613,0,1584-337-336-335-313-291-269-247-225-224-1585
77.7,10,10,87.612,0,1584-337-336-335-313-291-269-247-225-224-1585
77.8,10,10,87.611,0,1584-337-336-335-313-291-269-247-225-224-1585
77.9,10,10,87.609,0,1584-337-336-335-313-291-269-247-225-224-1585
78.0,10,10,87.608,0,1584-337-336-335-313-291-269-247-225-224-1585
78.1,10,10,87.607,0,1584-337-336-335-313-291-269-247-225-224-1585
78.2,10,10,87.606,0,1584-337-336-335-313-291-269-247-225-224-1585
78.3,10,10,87.605,0,1584-337-336-335-313-291-269-247-225-224-1585
78.4,10,10,87.604,0,1584-337-336-335-313-291-269-247-225-224-1585
78.5,10,10,87.603,0,1584-337-336-335-313-291-269-247-225-224-1585
78.6,10,10,87.602,0,1584-337-336-335-313-291-269-247-225-224-1585
78.7,10,10,87.601,0,1584-337-336-335-313-291-269-247-225-224-1585
78.8,10,10,87.599,0,1584-337-336-335-313-291-269-247-225-224-1585
78.9,10,10,87.598,0,1584-337-336-335-313-291-269-247-225-224-1585
79.0,10,10,87.597,0,1584-337-336-335-313-291-269-247-225-224-1585
79.1,10,10,87.596,0,1584-337-336-335-313-291-269-247-225-224-1585
79.2,10,10,87.595,0,1584-337-336-335-313-291-269-247-225-224-1585
79.3,10,10,87.594,0,1584-337-336-335-313-291-269-247-225-224-1585
79.4,10,10,87.593,0,1584-337-336-335-313-291-269-247-225-224-1585
79.5,10,10,87.592,0,1584-337-336-335-313-291-269-247-225-224-1585
79.6,10,10,87.591,0,1584-337-336-335-313-291-269-247-225-224-1585
79.7,10,10,87.590,0,1584-337-336-335-313-291-269-247-225-224-1585
79.8,10,10,87.589,0,1584-337-336-335-313-291-269-247-225-224-1585
79.9,10,10,87.588,0,1584-337-336-335-313-291-269-247-225-224-1585
80.0,10,10,87.587,0,1584-337-336-335-313-291-269-247-225-224-1585
80.1,10,10,87.586,0,1584-337-336-335-313-291-269-247-225-224-1585
80.2,10,10,87.585,0,1584-337-336-335-313-291-269-247-225-224-1585
80.3,10,10,87.584,0,1584-337-336-335-313-291-269-247-225-224-1585
80.4,10,10,87.583,0,1584-337-336-335-313-291-269-247-225-224-1585
80.5,10,10,87.582,0,1584-337-336-335-313-291-269-247-225-224-1585
80.6,10,10,87.581,0,1584-337-336-335-313-291-269-247-225-224-1585
80.7,10,10,87.580,0,1584-337-336-335-313-291-269-247-225-224-1585
80.8,10,10,87.578,0,1584-337-336-335-313-291-269-247-225-224-1585
80.9,10,10,87.577,0,1584-337-336-335-313-291-269-247-225-224-1585
81.0,10,10,87.576,0,1584-337-336-335-313-291-269-247-225-224-1585
81.1,10,10,87.575,0,1584-337-336-335-313-291-269-247-225-224-1585
81.2,10,10,87.575,0,1584-337-336-335-313-291-269-247-225-224-1585
81.3,10,10,87.574,0,1584-337-336-335-313-291-269-247-225-224-1585
81.4,10,10,87.573,0,1584-337-336-335-313-291-269-247-225-224-1585
81.5,10,10,87.572,0,1584-337-336-335-313-291-269-247-225-224-1585
81.6,10,10,87.571,0,1584-337-336-335-313-291-269-247-225-224-1585
81.7,10,10,87.570,0,1584-337-336-335-313-291-269-247-225-224-1585
81.8,10,10,87.569,0,1584-337-336-335-313-291-269-247-225-224-1585
81.9,10,10,87.568,0,1584-337-336-335-313-291-269-247-225-224-1585
82.0,10,10,87.567,0,1584-337-336-335-313-291-269-247-225-224-1585
82.1,10,10,87.566,0,1584-337-336-335-313-291-269-247-225-224-1585
82.2,10,10,87.565,0,1584-337-336-335-313-291-269-247-225-224-1585
82.3,10,10,87.564,0,1584-337-336-335-313-291-269-247-225-224-1585
82.4,10,10,87.563,0,1584-337-336-335-313-291-269-247-225-224-1585
82.5,10,10,87.562,0,1584-337-336-335-313-291-269-247-225-224-1585
82.6,10,10,87.561,0,1584-337-336-335-313-291-269-247-225-224-1585
82.7,10,10,87.560,0,1584-337-336-335-313-291-269-247-225-224-1585
82.8,10,10,87.559,0,1584-337-336-335-313-291-269-247-225-224-1585
82.9,10,10,87.558,0,1584-337-336-335-313-291-269-247-225-224-1585
83.0,10,10,87.557,0,1584-337-336-335-313-291-269-247-225-224-1585
83.1,10,10,87.556,0,1584-337-336-335-313-291-269-247-225-224-1585
83.2,10,10,87.555,0,1584-337-336-335-313-291-269-247-225-224-1585
83.3,10,10,87.555,0,1584-337-336-335-313-291-269-247-225-224-1585
83.4,10,10,87.554,0,1584-337-336-335-313-291-269-247-225-224-1585
83.5,10,10,87.553,0,1584-337-336-335-313-291-269-247-225-224-1585
83.6,10,10,87.552,0,1584-337-336-335-313-291-269-247-225-224-1585
83.7,10,10,87.551,0,1584-337-336-335-313-291-269-247-225-224-1585
83.8,10,10,87.550,0,1584-337-336-335-313-291-269-247-225-224-1585
83.9,10,10,87.549,0,1584-337-336-335-313-291-269-247-225-224-1585
84.0,10,10,87.548,0,1584-337-336-335-313-291-269-247-225-224-1585
84.1,10,10,87.547,0,1584-337-336-335-313-291-269-247-225-224-1585
84.2,10,10,87.547,0,1584-337-336-335-313-291-269-247-225-224-1585
84.3,10,10,87.546,0,1584-337-336-335-313-291-269-247-225-224-1585
84.4,10,10,87.545,0,1584-337-336-335-313-291-269-247-225-224-1585
84.5,10,10,87.544,0,1584-337-336-335-313-291-269-247-225-224-1585
84.6,10,10,87.543,0,1584-337-336-335-313-291-269-247-225-224-1585
84.7,10,10,87.542,0,1584-337-336-335-313-291-269-247-225-224-1585
84.8,10,10,87.541,0,1584-337-336-335-313-291-269-247-225-224-1585
84.9,10,10,87.541,0,1584-337-336-335-313-291-269-247-225-224-1585
85.0,10,10,87.540,0,1584-337-336-335-313-291-269-247-225-224-1585
85.1,10,10,87.539,0,1584-337-336-335-313-291-269-247-225-224-1585
85.2,10,10,87.538,0,1584-337-336-335-313-291-269-247-225-224-1585
85.3,10,10,87.537,0,1584-337-336-335-313-291-269-247-225-224-1585
85.4,10,10,87.537,0,1584-337-336-335-313-291-269-247-225-224-1585
85.5,10,10,87.536,0,1584-337-336-335-313-291-269-247-225-224-1585
85.6,10,10,87.535,0,1584-337-336-335-313-291-269-247-225-224-1585
85.7,10,10,87.534,0,1584-337-336-335-313-291-269-247-225-224-1585
85.8,10,10,87.533,0,1584-337-336-335-313-291-269-247-225-224-1585
85.9,10,10,87.532,0,1584-337-336-335-313-291-269-247-225-224-1585
86.0,10,10,87.532,0,1584-337-336-335-313-291-269-247-225-224-1585
86.1,10,10,87.531,0,1584-337-336-335-313-291-269-247-225-224-1585
86.2,10,10,87.530,0,1584-337-336-335-313-291-269-247-225-224-1585
86.3,10,10,87.529,0,1584-337-336-335-313-291-269-247-225-224-1585
86.4,10,10,87.529,0,1584-337-336-335-313-291-269-247-225-224-1585
86.5,10,10,87.528,0,1584-337-336-335-313-291-269-247-225-224-1585
86.6,10,10,87.527,0,1584-337-336-335-313-291-269-247-225-224-1585
86.7,10,10,87.526,0,1584-337-336-335-313-291-269-247-225-224-1585
86.8,10,10,87.525,0,1584-337-336-335-313-291-269-247-225-224-1585
86.9,10,10,87.525,0,1584-337-336-335-313-291-269-247-225-224-1585
87.0,10,10,87.524,0,1584-337-336-335-313-291-269-247-225-224-1585
87.1,10,10,87.523,0,1584-337-336-335-313-291-269-247-225-224-1585
87.2,10,10,87.522,0,1584-337-336-335-313-291-269-247-225-224-1585
87.3,10,10,87.522,0,1584-337-336-335-313-291-269-247-225-224-1585
87.4,10,10,87.521,0,1584-337-336-335-313-291-269-247-225-224-1585
87.5,10,10,87.520,0,1584-337-336-335-313-291-269-247-225-224-1585
87.6,10,10,87.520,0,1584-337-336-335-313-291-269-247-225-224-1585
87.7,10,10,87.519,0,1584-337-336-335-313-291-269-247-225-224-1585
87.8,10,10,87.518,0,1584-337-336-335-313-291-269-247-225-224-1585
87.9,10,10,87.517,0,1584-337-336-335-313-291-269-247-225-224-1585
88.0,10,10,87.517,0,1584-337-336-335-313-291-269-247-225-224-1585
88.1,10,10,87.516,0,1584-337-336-335-313-291-269-247-225-224-1585
88.2,10,10,87.515,0,1584-337-336-335-313-291-269-247-225-224-1585
88.3,10,10,87.515,0,1584-337-336-335-313-291-269-247-225-224-1585
88.4,10,10,87.514,0,1584-337-336-335-313-291-269-247-225-224-1585
88.5,10,10,87.513,0,1584-337-336-335-313-291-269-247-225-224-1585
88.6,10,10,87.512,0,1584-337-336-335-313-291-269-247-225-224-1585
88.7,10,10,87.512,0,1584-337-336-335-313-291-269-247-225-224-1585
88.8,10,10,87.511,0,1584-337-336-335-313-291-269-247-225-224-1585
88.9,10,10,87.510,0,1584-337-336-335-313-291-269-247-225-224-1585
89.0,10,10,87.510,0,1584-337-336-335-313-291-269-247-225-224-1585
89.1,10,10,87.509,0,1584-337-336-335-313-291-269-247-225-224-1585
89.2,10,10,87.508,0,1584-337-336-335-313-291-269-247-225-224-1585
89.3,10,10,87.508,0,1584-337-336-335-313-291-269-247-225-224-1585
89.4,10,10,87.507,0,1584-337-336-335-313-291-269-247-225-224-1585
89.5,10,10,87.506,0,1584-337-336-335-313-291-269-247-225-224-1585
89.6,10,10,87.506,0,1584-337-336-335-313-291-269-247-225-224-1585
89.7,10,10,87.505,0,1584-337-336-335-313-291-269-247-225-224-1585
89.8,10,10,87.504,0,1584-337-336-335-313-291-269-247-225-224-1585
89.9,10,10,87.504,0,1584-337-336-335-313-291-269-247-225-224-1585
90.0,10,10,87.503,0,1584-337-336-335-313-291-269-247-225-224-1585
90.1,10,10,87.503,0,1584-337-336-335-313-291-269-247-225-224-1585
90.2,10,10,87.502,0,1584-337-336-335-313-291-269-247-225-224-1585
90.3,10,10,87.501,0,1584-337-336-335-313-291-269-247-225-224-1585
90.4,10,10,87.501,0,1584-337-336-335-313-291-269-247-225-224-1585
90.5,10,10,87.500,0,1584-337-336-335-313-291-269-247-225-224-1585
90.6,10,10,87.500,0,1584-337-336-335-313-291-269-247-225-224-1585
90.7,10,10,87.499,0,1584-337-336-335-313-291-269-247-225-224-1585
90.8,10,10,87.498,0,1584-337-336-335-313-291-269-247-225-224-1585
90.9,10,10,87.498,0,1584-337-336-335-313-291-269-247-225-224-1585
91.0,10,10,87.497,0,1584-337-336-335-313-291-269-247-225-224-1585
91.1,10,10,87.497,0,1584-337-336-335-313-291-269-247-225-224-1585
91.2,10,10,87.496,0,1584-337-336-335-313-291-269-247-225-224-1585
91.3,10,10,87.495,0,1584-337-336-335-313-291-269-247-225-224-1585
91.4,10,10,87.495,0,1584-337-336-335-313-291-269-247-225-224-1585
91.5,10,10,87.494,0,1584-337-336-335-313-291-269-247-225-224-1585
91.6,10,10,87.494,0,1584-337-336-335-313-291-269-247-225-224-1585
91.7,10,10,87.493,0,1584-337-336-335-313-291-269-247-225-224-1585
91.8,10,10,87.493,0,1584-337-336-335-313-291-269-247-225-224-1585
91.9,10,10,87.492,0,1584-337-336-335-313-291-269-247-225-224-1585
92.0,10,10,87.491,0,1584-337-336-335-313-291-269-247-225-224-1585
92.1,10,10,87.491,0,1584-337-336-335-313-291-269-247-225-224-1585
92.2,10,10,87.490,0,1584-337-336-335-313-291-269-247-225-224-1585
92.3,10,10,87.490,0,1584-337-336-335-313-291-269-247-225-224-1585
92.4,10,10,87.489,0,1584-337-336-335-313-291-269-247-225-224-1585
92.5,10,10,87.489,0,1584-337-336-335-313-291-269-247-225-224-1585
92.6,10,10,87.488,0,1584-337-336-335-313-291-269-247-225-224-1585
92.7,10,10,87.488,0,1584-337-336-335-313-291-269-247-225-224-1585
92.8,10,10,87.487,0,1584-337-336-335-313-291-269-247-225-224-1585
92.9,10,10,87.487,0,1584-337-336-335-313-291-269-247-225-224-1585
93.0,10,10,87.486,0,1584-337-336-335-313-291-269-247-225-224-1585
93.1,10,10,87.486,0,1584-337-336-335-313-291-269-247-225-224-1585
93.2,10,10,87.485,0,1584-337-336-335-313-291-269-247-225-224-1585
93.3,10,10,87.485,0,1584-337-336-335-313-291-269-247-225-224-1585
93.4,10,10,87.484,0,1584-337-336-335-313-291-269-247-225-224-1585
93.5,10,10,87.484,0,1584-337-336-335-313-291-269-247-225-224-1585
93.6,10,10,87.483,0,1584-337-336-335-313-291-269-247-225-224-1585
93.7,10,10,87.483,0,1584-337-336-335-313-291-269-247-225-224-1585
93.8,10,10,87.482,0,1584-337-336-335-313-291-269-247-225-224-1585
93.9,10,10,87.482,0,1584-337-336-335-313-291-269-247-225-224-1585
94.0,10,10,87.481,0,1584-337-336-335-313-291-269-247-225-224-1585
94.1,10,10,87.481,0,1584-337-336-335-313-291-269-247-225-224-1585
94.2,10,10,87.480,0,1584-337-336-335-313-291-269-247-225-224-1585
94.3,10,10,87.480,0,1584-337-336-335-313-291-269-247-225-224-1585
94.4,10,10,87.479,0,1584-337-336-335-313-291-269-247-225-224-1585
94.5,10,10,87.479,0,1584-337-336-335-313-291-269-247-225-224-1585
94.6,10,10,87.479,0,1584-337-336-335-313-291-269-247-225-224-1585
94.7,10,10,87.478,0,1584-337-336-335-313-291-269-247-225-224-1585
94.8,10,10,87.478,0,1584-337-336-335-313-291-269-247-225-224-1585
94.9,10,10,87.477,0,1584-337-336-335-313-291-269-247-225-224-1585
95.0,10,10,87.477,0,1584-337-336-335-313-291-269-247-225-224-1585
95.1,10,10,87.476,0,1584-337-336-335-313-291-269-247-225-224-1585
95.2,10,10,87.476,0,1584-337-336-335-313-291-269-247-225-224-1585
95.3,10,10,87.476,0,1584-337-336-335-313-291-269-247-225-224-1585
95.4,10,10,87.475,0,1584-337-336-335-313-291-269-247-225-224-1585
95.5,10,10,87.475,0,1584-337-336-335-313-291-269-247-225-224-1585
95.6,10,10,87.474,0,1584-337-336-335-313-291-269-247-225-224-1585
95.7,10,10,87.474,0,1584-337-336-335-313-291-269-247-225-224-1585
95.8,10,10,87.474,0,1584-337-336-335-313-291-269-247-225-224-1585
95.9,10,10,87.473,0,1584-337-336-335-313-291-269-247-225-224-1585
96.0,10,10,87.473,0,1584-337-336-335-313-291-269-247-225-224-1585
96.1,10,10,87.472,0,1584-337-336-335-313-291-269-247-225-224-1585
96.2,10,10,87.472,0,1584-337-336-335-313-291-269-247-225-224-1585
96.3,10,10,87.472,0,1584-337-336-335-313-291-269-247-225-224-1585
96.4,10,10,87.471,0,1584-337-336-335-313-291-269-247-225-224-1585
96.5,10,10,87.471,0,1584-337-336-335-313-291-269-247-225-224-1585
96.6,10,10,87.471,0,1584-337-336-335-313-291-269-247-225-224-1585
96.7,10,10,87.470,0,1584-337-336-335-313-291-269-247-225-224-1585
96.8,10,10,87.470,0,1584-337-336-335-313-291-269-247-225-224-1585
96.9,10,10,87.469,0,1584-337-336-335-313-291-269-247-225-224-1585
97.0,10,10,87.469,0,1584-337-336-335-313-291-269-247-225-224-1585
97.1,10,10,87.469,0,1584-337-336-335-313-291-269-247-225-224-1585
97.2,10,10,87.468,0,1584-337-336-335-313-291-269-247-225-224-1585
97.3,10,10,87.468,0,1584-337-336-335-313-291-269-247-225-224-1585
97.4,10,10,87.468,0,1584-337-336-335-313-291-269-247-225-224-1585
97.5,10,10,87.467,0,1584-337-336-335-313-291-269-247-225-224-1585
97.6,10,10,87.467,0,1584-337-336-335-313-291-269-247-225-224-1585
97.7,10,10,87.467,0,1584-337-336-335-313-291-269-247-225-224-1585
97.8,10,10,87.466,0,1584-337-336-335-313-291-269-247-225-224-1585
97.9,10,10,87.466,0,1584-337-336-335-313-291-269-247-225-224-1585
98.0,10,10,87.466,0,1584-337-336-335-313-291-269-247-225-224-1585
98.1,10,10,87.466,0,1584-337-336-335-313-291-269-247-225-224-1585
98.2,10,10,87.465,0,1584-337-336-335-313-291-269-247-225-224-1585
98.3,10,10,87.465,0,1584-337-336-335-313-291-269-247-225-224-1585
98.4,10,10,87.465,0,1584-337-336-335-313-291-269-247-225-224-1585
98.5,10,10,87.464,0,1584-337-336-335-313-291-269-247-225-224-1585
98.6,10,10,87.464,0,1584-337-336-335-313-291-269-247-225-224-1585
98.7,10,10,87.464,0,1584-337-336-335-313-291-269-247-225-224-1585
98.8,10,10,87.464,0,1584-337-336-335-313-291-269-247-225-224-1585
98.9,10,10,87.463,0,1584-337-336-335-313-291-269-247-225-224-1585
99.0,10,10,87.463,0,1584-337-336-335-313-291-269-247-225-224-1585
99.1,10,10,87.463,0,1584-337-336-335-313-291-269-247-225-224-1585
99.2,10,10,87.463,0,1584-337-336-335-313-291-269-247-225-224-1585
99.3,10,10,87.462,0,1584-337-336-335-313-291-269-247-225-224-1585
99.4,10,10,87.462,0,1584-337-336-335-313-291-269-247-225-224-1585
99.5,10,10,87.462,0,1584-337-336-335-313-291-269-247-225-224-1585
99.6,10,10,87.462,0,1584-337-336-335-313-291-269-247-225-224-1585
99.7,10,10,87.461,0,1584-337-336-335-313-291-269-247-225-224-1585
99.8,10,10,87.461,0,1584-337-336-335-313-291-269-247-225-224-1585
99.9,10,10,87.461,0,1584-337-336-335-313-291-269-247-225-224-1585
100.0,10,10,87.461,0,1584-337-336-335-313-291-269-247-225-224-1585
100.1,10,10,87.460,0,1584-337-336-335-313-291-269-247-225-224-1585
100.2,10,10,87.460,0,1584-337-336-335-313-291-269-247-225-224-1585
100.3,10,10,87.460,0,1584-337-336-335-313-291-269-247-225-224-1585
100.4,10,10,87.460,0,1584-337-336-335-313-291-269-247-225-224-1585
100.5,10,10,87.460,0,1584-337-336-335-313-291-269-247-225-224-1585
100.6,10,10,87.459,0,1584-337-336-335-313-291-269-247-225-224-1585
100.7,10,10,87.459,0,1584-337-336-335-313-291-269-247-225-224-1585
100.8,10,10,87.459,0,1584-337-336-335-313-291-269-247-225-224-1585
100.9,10,10,87.459,0,1584-337-336-335-313-291-269-247-225-224-1585
101.0,10,10,87.459,0,1584-337-336-335-313-291-269-247-225-224-1585
101.1,10,10,87.458,0,1584-337-336-335-313-291-269-247-225-224-1585
101.2,10,10,87.458,0,1584-337-336-335-313-291-269-247-225-224-1585
101.3,10,10,87.458,0,1584-337-336-335-313-291-269-247-225-224-1585
101.4,10,10,87.458,0,1584-337-336-335-313-291-269-247-225-224-1585
101.5,10,10,87.458,0,1584-337-336-335-313-291-269-247-225-224-1585
101.6,10,10,87.458,0,1584-337-336-335-313-291-269-247-225-224-1585
101.7,10,10,87.457,0,1584-337-336-335-313-291-269-247-225-224-1585
101.8,10,10,87.457,0,1584-337-336-335-313-291-269-247-225-224-1585
101.9,10,10,87.457,0,1584-337-336-335-313-291-269-247-225-224-1585
102.0,10,10,87.457,0,1584-337-336-335-313-291-269-247-225-224-1585
102.1,10,10,87.457,0,1584-337-336-335-313-291-269-247-225-224-1585
102.2,10,10,87.457,0,1584-337-336-335-313-291-269-247-225-224-1585
102.3,10,10,87.457,0,1584-337-336-335-313-291-269-247-225-224-1585
102.4,10,10,87.456,0,1584-337-336-335-313-291-269-247-225-224-1585
102.5,10,10,87.456,0,1584-337-336-335-313-291-269-247-225-224-1585
102.6,10,10,87.456,0,1584-337-336-335-313-291-269-247-225-224-1585
102.7,10,10,87.456,0,1584-337-336-335-313-291-269-247-225-224-1585
102.8,10,10,87.456,0,1584-337-336-335-313-291-269-247-225-224-1585
102.9,10,10,87.456,0,1584-337-336-335-313-291-269-247-225-224-1585
103.0,10,10,87.456,0,1584-337-336-335-313-291-269-247-225-224-1585
103.1,10,10,87.456,0,1584-337-336-335-313-291-269-247-225-224-1585
103.2,10,10,87.456,0,1584-337-336-335-313-291-269-247-225-224-1585
103.3,10,10,87.455,0,1584-337-336-335-313-291-269-247-225-224-1585
103.4,10,10,87.455,0,1584-337-336-335-313-291-269-247-225-224-1585
103.5,10,10,87.455,0,1584-337-336-335-313-291-269-247-225-224-1585
103.6,10,10,87.455,0,1584-337-336-335-313-291-269-247-225-224-1585
103.7,10,10,87.455,0,1584-337-336-335-313-291-269-247-225-224-1585
103.8,10,10,87.455,0,1584-337-336-335-313-291-269-247-225-224-1585
103.9,10,10,87.455,0,1584-337-336-335-313-291-269-247-225-224-1585
104.0,10,10,87.455,0,1584-337-336-335-313-291-269-247-225-224-1585
104.1,10,10,87.455,0,1584-337-336-335-313-291-269-247-225-224-1585
104.2,10,10,87.455,0,1584-337-336-335-313-291-269-247-225-224-1585
104.3,10,10,87.455,0,1584-337-336-335-313-291-269-247-225-224-1585
104.4,10,10,87.455,0,1584-337-336-335-313-291-269-247-225-224-1585
104.5,10,10,87.455,0,1584-337-336-335-313-291-269-247-225-224-1585
104.6,10,10,87.455,0,1584-337-336-335-313-291-269-247-225-224-1585
104.7,10,10,87.455,0,1584-337-336-335-313-291-269-247-225-224-1585
104.8,10,10,87.455,0,1584-337-336-335-313-291-269-247-225-224-1585
104.9,10,10,87.455,0,1584-337-336-335-313-291-269-247-225-224-1585
105.0,10,10,87.454,0,1584-337-336-335-313-291-269-247-225-224-1585
105.1,10,10,87.454,0,1584-337-336-335-313-291-269-247-225-224-1585
105.2,10,10,87.454,0,1584-337-336-335-313-291-269-247-225-224-1585
105.3,10,10,87.454,0,1584-337-336-335-313-291-269-247-225-224-1585
105.4,10,10,87.454,0,1584-337-336-335-313-291-269-247-225-224-1585
105.5,10,10,87.454,0,1584-337-336-335-313-291-269-247-225-224-1585
105.6,10,10,87.454,0,1584-337-336-335-313-291-269-247-225-224-1585
105.7,10,10,87.454,0,1584-337-336-335-313-291-269-247-225-224-1585
105.8,10,10,87.454,0,1584-337-336-335-313-291-269-247-225-224-1585
105.9,10,10,87.454,0,1584-337-336-335-313-291-269-247-225-224-1585
106.0,10,10,87.454,0,1584-337-336-335-313-291-269-247-225-224-1585
106.1,10,10,87.455,0,1584-337-336-335-313-291-269-247-225-224-1585
106.2,10,10,87.455,0,1584-337-336-335-313-291-269-247-225-224-1585
106.3,10,10,87.455,0,1584-337-336-335-313-291-269-247-225-224-1585
106.4,10,10,87.455,0,1584-337-336-335-313-291-269-247-225-224-1585
106.5,10,10,87.455,0,1584-337-336-335-313-291-269-247-225-224-1585
106.6,10,10,87.455,0,1584-337-336-335-313-291-269-247-225-224-1585
106.7,10,10,87.455,0,1584-337-336-335-313-291-269-247-225-224-1585
106.8,10,10,87.455,0,1584-337-336-335-313-291-269-247-225-224-1585
106.9,10,10,87.455,0,1584-337-336-335-313-291-269-247-225-224-1585
107.0,10,10,87.455,0,1584-337-336-335-313-291-269-247-225-224-1585
107.1,10,10,87.455,0,1584-337-336-335-313-291-269-247-225-224-1585
107.2,10,10,87.455,0,1584-337-336-335-313-291-269-247-225-224-1585
107.3,10,10,87.455,0,1584-337-336-335-313-291-269-247-225-224-1585
107.4,10,10,87.455,0,1584-337-336-335-313-291-269-247-225-224-1585
107.5,10,10,87.455,0,1584-337-336-335-313-291-269-247-225-224-1585
107.6,10,10,87.455,0,1584-337-336-335-313-291-269-247-225-224-1585
107.7,10,10,87.455,0,1584-337-336-335-313-291-269-247-225-224-1585
107.8,10,10,87.456,0,1584-337-336-335-313-291-269-247-225-224-1585
107.9,10,10,87.456,0,1584-337-336-335-313-291-269-247-225-224-1585
108.0,10,10,87.456,0,1584-337-336-335-313-291-269-247-225-224-1585
108.1,10,10,87.456,0,1584-337-336-335-313-291-269-247-225-224-1585
108.2,10,10,87.456,0,1584-337-336-335-313-291-269-247-225-224-1585
108.3,10,10,87.456,0,1584-337-336-335-313-291-269-247-225-224-1585
108.4,10,10,87.456,0,1584-337-336-335-313-291-269-247-225-224-1585
108.5,10,10,87.456,0,1584-337-336-335-313-291-269-247-225-224-1585
108.6,10,10,87.456,0,1584-337-336-335-313-291-269-247-225-224-1585
108.7,10,10,87.457,0,1584-337-336-335-313-291-269-247-225-224-1585
108.8,10,10,87.457,0,1584-337-336-335-313-291-269-247-225-224-1585
108.9,10,10,87.457,0,1584-337-336-335-313-291-269-247-225-224-1585
109.0,10,10,87.457,0,1584-337-336-335-313-291-269-247-225-224-1585
109.1,10,10,87.457,0,1584-337-336-335-313-291-269-247-225-224-1585
109.2,10,10,87.457,0,1584-337-336-335-313-291-269-247-225-224-1585
109.3,10,10,87.457,0,1584-337-336-335-313-291-269-247-225-224-1585
109.4,10,10,87.458,0,1584-337-336-335-313-291-269-247-225-224-1585
109.5,10,10,87.458,0,1584-337-336-335-313-291-269-247-225-224-1585
109.6,10,10,87.458,0,1584-337-336-335-313-291-269-247-225-224-1585
109.7,10,10,87.458,0,1584-337-336-335-313-291-269-247-225-224-1585
109.8,10,10,87.458,0,1584-337-336-335-313-291-269-247-225-224-1585
109.9,10,10,87.458,0,1584-337-336-335-313-291-269-247-225-224-1585
110.0,10,10,87.459,0,1584-337-336-335-313-291-269-247-225-224-1585
110.1,10,10,87.459,0,1584-337-336-335-313-291-269-247-225-224-1585
110.2,10,10,87.459,0,1584-337-336-335-313-291-269-247-225-224-1585
110.3,10,10,87.459,0,1584-337-336-335-313-291-269-247-225-224-1585
110.4,10,10,87.459,0,1584-337-336-335-313-291-269-247-225-224-1585
110.5,10,10,87.460,0,1584-337-336-335-313-291-269-247-225-224-1585
110.6,10,10,87.460,0,1584-337-336-335-313-291-269-247-225-224-1585
110.7,10,10,87.460,0,1584-337-336-335-313-291-269-247-225-224-1585
110.8,10,10,87.460,0,1584-337-336-335-313-291-269-247-225-224-1585
110.9,10,10,87.460,0,1584-337-336-335-313-291-269-247-225-224-1585
111.0,10,10,87.461,0,1584-337-336-335-313-291-269-247-225-224-1585
111.1,10,10,87.461,0,1584-337-336-335-313-291-269-247-225-224-1585
111.2,10,10,87.461,0,1584-337-336-335-313-291-269-247-225-224-1585
111.3,10,10,87.461,0,1584-337-336-335-313-291-269-247-225-224-1585
111.4,10,10,87.462,0,1584-337-336-335-313-291-269-247-225-224-1585
111.5,10,10,87.462,0,1584-337-336-335-313-291-269-247-225-224-1585
111.6,10,10,87.462,0,1584-337-336-335-313-291-269-247-225-224-1585
111.7,10,10,87.462,0,1584-337-336-335-313-291-269-247-225-224-1585
111.8,10,10,87.463,0,1584-337-336-335-313-291-269-247-225-224-1585
111.9,10,10,87.463,0,1584-337-336-335-313-291-269-247-225-224-1585
112.0,10,10,87.463,0,1584-337-336-335-313-291-269-247-225-224-1585
112.1,10,10,87.463,0,1584-337-336-335-313-291-269-247-225-224-1585
112.2,10,10,87.464,0,1584-337-336-335-313-291-269-247-225-224-1585
112.3,10,10,87.464,0,1584-337-336-335-313-291-269-247-225-224-1585
112.4,10,10,87.464,0,1584-337-336-335-313-291-269-247-225-224-1585
112.5,10,10,87.464,0,1584-337-336-335-313-291-269-247-225-224-1585
112.6,10,10,87.465,0,1584-337-336-335-313-291-269-247-225-224-1585
112.7,10,10,87.465,0,1584-337-336-335-313-291-269-247-225-224-1585
112.8,10,10,87.465,0,1584-337-336-335-313-291-269-247-225-224-1585
112.9,10,10,87.466,0,1584-337-336-335-313-291-269-247-225-224-1585
113.0,10,10,87.466,0,1584-337-336-335-313-291-269-247-225-224-1585
113.1,10,10,87.466,0,1584-337-336-335-313-291-269-247-225-224-1585
113.2,10,10,87.467,0,1584-337-336-335-313-291-269-247-225-224-1585
113.3,10,10,87.467,0,1584-337-336-335-313-291-269-247-225-224-1585
113.4,10,10,87.467,0,1584-337-336-335-313-291-269-247-225-224-1585
113.5,10,10,87.467,0,1584-337-336-335-313-291-269-247-225-224-1585
113.6,10,10,87.468,0,1584-337-336-335-313-291-269-247-225-224-1585
113.7,10,10,87.468,0,1584-337-336-335-313-291-269-247-225-224-1585
113.8,10,10,87.468,0,1584-337-336-335-313-291-269-247-225-224-1585
113.9,10,10,87.469,0,1584-337-336-335-313-291-269-247-225-224-1585
114.0,10,10,87.469,0,1584-337-336-335-313-291-269-247-225-224-1585
114.1,10,10,87.470,0,1584-337-336-335-313-291-269-247-225-224-1585
114.2,10,10,87.470,0,1584-337-336-335-313-291-269-247-225-224-1585
114.3,10,10,87.470,0,1584-337-336-335-313-291-269-247-225-224-1585
114.4,10,10,87.471,0,1584-337-336-335-313-291-269-247-225-224-1585
114.5,10,10,87.471,0,1584-337-336-335-313-291-269-247-225-224-1585
114.6,10,10,87.471,0,1584-337-336-335-313-291-269-247-225-224-1585
114.7,10,10,87.472,0,1584-337-336-335-313-291-269-247-225-224-1585
114.8,10,10,87.472,0,1584-337-336-335-313-291-269-247-225-224-1585
114.9,10,10,87.472,0,1584-337-336-335-313-291-269-247-225-224-1585
115.0,10,10,87.473,0,1584-337-336-335-313-291-269-247-225-224-1585
115.1,10,10,87.473,0,1584-337-336-335-313-291-269-247-225-224-1585
115.2,10,10,87.474,0,1584-337-336-335-313-291-269-247-225-224-1585
115.3,10,10,87.474,0,1584-337-336-335-313-291-269-247-225-224-1585
115.4,10,10,87.474,0,1584-337-336-335-313-291-269-247-225-224-1585
115.5,10,10,87.475,0,1584-337-336-335-313-291-269-247-225-224-1585
115.6,10,10,87.475,0,1584-337-336-335-313-291-269-247-225-224-1585
115.7,10,10,87.476,0,1584-337-336-335-313-291-269-247-225-224-1585
115.8,10,10,87.476,0,1584-337-336-335-313-291-269-247-225-224-1585
115.9,10,10,87.477,0,1584-337-336-335-313-291-269-247-225-224-1585
116.0,10,10,87.477,0,1584-337-336-335-313-291-269-247-225-224-1585
116.1,10,10,87.477,0,1584-337-336-335-313-291-269-247-225-224-1585
116.2,10,10,87.478,0,1584-337-336-335-313-291-269-247-225-224-1585
116.3,10,10,87.478,0,1584-337-336-335-313-291-269-247-225-224-1585
116.4,10,10,87.479,0,1584-337-336-335-313-291-269-247-225-224-1585
116.5,10,10,87.479,0,1584-337-336-335-313-291-269-247-225-224-1585
116.6,10,10,87.480,0,1584-337-336-335-313-291-269-247-225-224-1585
116.7,10,10,87.480,0,1584-337-336-335-313-291-269-247-225-224-1585
116.8,10,10,87.481,0,1584-337-336-335-313-291-269-247-225-224-1585
116.9,10,10,87.481,0,1584-337-336-335-313-291-269-247-225-224-1585
117.0,10,10,87.481,0,1584-337-336-335-313-291-269-247-225-224-1585
117.1,10,10,87.482,0,1584-337-336-335-313-291-269-247-225-224-1585
117.2,10,10,87.482,0,1584-337-336-335-313-291-269-247-225-224-1585
117.3,10,10,87.483,0,1584-337-336-335-313-291-269-247-225-224-1585
117.4,10,10,87.483,0,1584-337-336-335-313-291-269-247-225-224-1585
117.5,10,10,87.484,0,1584-337-336-335-313-291-269-247-225-224-1585
117.6,10,10,87.484,0,1584-337-336-335-313-291-269-247-225-224-1585
117.7,10,10,87.485,0,1584-337-336-335-313-291-269-247-225-224-1585
117.8,10,10,87.485,0,1584-337-336-335-313-291-269-247-225-224-1585
117.9,10,10,87.486,0,1584-337-336-335-313-291-269-247-225-224-1585
118.0,10,10,87.486,0,1584-337-336-335-313-291-269-247-225-224-1585
118.1,10,10,87.487,0,1584-337-336-335-313-291-269-247-225-224-1585
118.2,10,10,87.487,0,1584-337-336-335-313-291-269-247-225-224-1585
118.3,10,10,87.488,0,1584-337-336-335-313-291-269-247-225-224-1585
118.4,10,10,87.488,0,1584-337-336-335-313-291-269-247-225-224-1585
118.5,10,10,87.489,0,1584-337-336-335-313-291-269-247-225-224-1585
118.6,10,10,87.490,0,1584-337-336-335-313-291-269-247-225-224-1585
118.7,10,10,87.490,0,1584-337-336-335-313-291-269-247-225-224-1585
118.8,10,10,87.491,0,1584-337-336-335-313-291-269-247-225-224-1585
118.9,10,10,87.491,0,1584-337-336-335-313-291-269-247-225-224-1585
119.0,10,10,87.492,0,1584-337-336-335-313-291-269-247-225-224-1585
119.1,10,10,87.492,0,1584-337-336-335-313-291-269-247-225-224-1585
119.2,10,10,87.493,0,1584-337-336-335-313-291-269-247-225-224-1585
119.3,10,10,87.493,0,1584-337-336-335-313-291-269-247-225-224-1585
119.4,10,10,87.494,0,1584-337-336-335-313-291-269-247-225-224-1585
119.5,10,10,87.495,0,1584-337-336-335-313-291-269-247-225-224-1585
119.6,10,10,87.495,0,1584-337-336-335-313-291-269-247-225-224-1585
119.7,10,10,87.496,0,1584-337-336-335-313-291-269-247-225-224-1585
119.8,10,10,87.496,0,1584-337-336-335-313-291-269-247-225-224-1585
119.9,10,10,87.497,0,1584-337-336-335-313-291-269-247-225-224-1585
120.0,10,10,87.497,0,1584-337-336-335-313-291-269-247-225-224-1585
120.1,10,10,87.498,0,1584-337-336-335-313-291-269-247-225-224-1585
120.2,10,10,87.499,0,1584-337-336-335-313-291-269-247-225-224-1585
120.3,10,10,87.499,0,1584-337-336-335-313-291-269-247-225-224-1585
120.4,10,10,87.500,0,1584-337-336-335-313-291-269-247-225-224-1585
120.5,10,10,87.501,0,1584-337-336-335-313-291-269-247-225-224-1585
120.6,10,10,87.501,0,1584-337-336-335-313-291-269-247-225-224-1585
120.7,10,10,87.502,0,1584-337-336-335-313-291-269-247-225-224-1585
120.8,10,10,87.502,0,1584-337-336-335-313-291-269-247-225-224-1585
120.9,10,10,87.503,0,1584-337-336-335-313-291-269-247-225-224-1585
121.0,10,10,87.504,0,1584-337-336-335-313-291-269-247-225-224-1585
121.1,10,10,87.504,0,1584-337-336-335-313-291-269-247-225-224-1585
121.2,10,10,87.505,0,1584-337-336-335-313-291-269-247-225-224-1585
121.3,10,10,87.506,0,1584-337-336-335-313-291-269-247-225-224-1585
121.4,10,10,87.506,0,1584-337-336-335-313-291-269-247-225-224-1585
121.5,10,10,87.507,0,1584-337-336-335-313-291-269-247-225-224-1585
121.6,10,10,90.568,1,1584-337-336-335-313-291-269-247-246-245-1585
121.7,10,10,90.565,0,1584-337-336-335-313-291-269-247-246-245-1585
121.8,10,10,90.563,0,1584-337-336-335-313-291-269-247-246-245-1585
121.9,10,10,90.561,0,1584-337-336-335-313-291-269-247-246-245-1585
122.0,10,10,90.559,0,1584-337-336-335-313-291-269-247-246-245-1585
122.1,10,10,90.557,0,1584-337-336-335-313-291-269-247-246-245-1585
122.2,10,10,90.555,0,1584-337-336-335-313-291-269-247-246-245-1585
122.3,10,10,90.553,0,1584-337-336-335-313-291-269-247-246-245-1585
122.4,10,10,90.551,0,1584-337-336-335-313-291-269-247-246-245-1585
122.5,10,10,90.549,0,1584-337-336-335-313-291-269-247-246-245-1585
122.6,10,10,90.547,0,1584-337-336-335-313-291-269-247-246-245-1585
122.7,10,10,90.545,0,1584-337-336-335-313-291-269-247-246-245-1585
122.8,10,10,90.544,0,1584-337-336-335-313-291-269-247-246-245-1585
122.9,10,10,90.542,0,1584-337-336-335-313-291-269-247-246-245-1585
123.0,10,10,90.540,0,1584-337-336-335-313-291-269-247-246-245-1585
123.1,10,10,90.538,0,1584-337-336-335-313-291-269-247-246-245-1585
123.2,10,10,90.536,0,1584-337-336-335-313-291-269-247-246-245-1585
123.3,10,10,90.534,0,1584-337-336-335-313-291-269-247-246-245-1585
123.4,10,10,90.532,0,1584-337-336-335-313-291-269-247-246-245-1585
123.5,10,10,90.530,0,1584-337-336-335-313-291-269-247-246-245-1585
123.6,10,10,90.528,0,1584-337-336-335-313-291-269-247-246-245-1585
123.7,10,10,90.526,0,1584-337-336-335-313-291-269-247-246-245-1585
123.8,10,10,90.524,0,1584-337-336-335-313-291-269-247-246-245-1585
123.9,10,10,90.522,0,1584-337-336-335-313-291-269-247-246-245-1585
124.0,10,10,90.520,0,1584-337-336-335-313-291-269-247-246-245-1585
124.1,10,10,90.519,0,1584-337-336-335-313-291-269-247-246-245-1585
124.2,10,10,90.517,0,1584-337-336-335-313-291-269-247-246-245-1585
124.3,10,10,90.515,0,1584-337-336-335-313-291-269-247-246-245-1585
124.4,10,10,90.513,0,1584-337-336-335-313-291-269-247-246-245-1585
124.5,10,10,90.511,0,1584-337-336-335-313-291-269-247-246-245-1585
124.6,10,10,90.509,0,1584-337-336-335-313-291-269-247-246-245-1585
124.7,10,10,90.507,0,1584-337-336-335-313-291-269-247-246-245-1585
124.8,10,10,90.505,0,1584-337-336-335-313-291-269-247-246-245-1585
124.9,10,10,90.504,0,1584-337-336-335-313-291-269-247-246-245-1585
125.0,10,10,90.502,0,1584-337-336-335-313-291-269-247-246-245-1585
125.1,10,10,90.500,0,1584-337-336-335-313-291-269-247-246-245-1585
125.2,10,10,90.498,0,1584-337-336-335-313-291-269-247-246-245-1585
125.3,10,10,90.496,0,1584-337-336-335-313-291-269-247-246-245-1585
125.4,10,10,90.495,0,1584-337-336-335-313-291-269-247-246-245-1585
125.5,10,10,90.493,0,1584-337-336-335-313-291-269-247-246-245-1585
125.6,10,10,90.491,0,1584-337-336-335-313-291-269-247-246-245-1585
125.7,10,10,90.489,0,1584-337-336-335-313-291-269-247-246-245-1585
125.8,10,10,90.487,0,1584-337-336-335-313-291-269-247-246-245-1585
125.9,10,10,90.486,0,1584-337-336-335-313-291-269-247-246-245-1585
126.0,10,10,90.484,0,1584-337-336-335-313-291-269-247-246-245-1585
126.1,10,10,90.482,0,1584-337-336-335-313-291-269-247-246-245-1585
126.2,10,10,90.480,0,1584-337-336-335-313-291-269-247-246-245-1585
126.3,10,10,90.479,0,1584-337-336-335-313-291-269-247-246-245-1585
126.4,10,10,90.477,0,1584-337-336-335-313-291-269-247-246-245-1585
126.5,10,10,90.475,0,1584-337-336-335-313-291-269-247-246-245-1585
126.6,10,10,90.473,0,1584-337-336-335-313-291-269-247-246-245-1585
126.7,10,10,90.472,0,1584-337-336-335-313-291-269-247-246-245-1585
126.8,10,10,90.470,0,1584-337-336-335-313-291-269-247-246-245-1585
126.9,10,10,90.468,0,1584-337-336-335-313-291-269-247-246-245-1585
127.0,10,10,90.467,0,1584-337-336-335-313-291-269-247-246-245-1585
127.1,10,10,90.465,0,1584-337-336-335-313-291-269-247-246-245-1585
127.2,10,10,90.463,0,1584-337-336-335-313-291-269-247-246-245-1585
127.3,10,10,90.461,0,1584-337-336-335-313-291-269-247-246-245-1585
127.4,10,10,90.460,0,1584-337-336-335-313-291-269-247-246-245-1585
127.5,10,10,90.458,0,1584-337-336-335-313-291-269-247-246-245-1585
127.6,10,10,90.456,0,1584-337-336-335-313-291-269-247-246-245-1585
127.7,10,10,90.455,0,1584-337-336-335-313-291-269-247-246-245-1585
127.8,10,10,90.453,0,1584-337-336-335-313-291-269-247-246-245-1585
127.9,10,10,90.451,0,1584-337-336-335-313-291-269-247-246-245-1585
128.0,10,10,90.450,0,1584-337-336-335-313-291-269-247-246-245-1585
128.1,10,10,90.448,0,1584-337-336-335-313-291-269-247-246-245-1585
128.2,10,10,90.447,0,1584-337-336-335-313-291-269-247-246-245-1585
128.3,10,10,90.445,0,1584-337-336-335-313-291-269-247-246-245-1585
128.4,10,10,90.443,0,1584-337-336-335-313-291-269-247-246-245-1585
128.5,10,10,90.442,0,1584-337-336-335-313-291-269-247-246-245-1585
128.6,10,10,90.440,0,1584-337-336-335-313-291-269-247-246-245-1585
128.7,10,10,90.439,0,1584-337-336-335-313-291-269-247-246-245-1585
128.8,10,10,90.437,0,1584-337-336-335-313-291-269-247-246-245-1585
128.9,10,10,90.435,0,1584-337-336-335-313-291-269-247-246-245-1585
129.0,10,10,90.434,0,1584-337-336-335-313-291-269-247-246-245-1585
129.1,10,10,90.432,0,1584-337-336-335-313-291-269-247-246-245-1585
129.2,10,10,90.431,0,1584-337-336-335-313-291-269-247-246-245-1585
129.3,10,10,90.429,0,1584-337-336-335-313-291-269-247-246-245-1585
129.4,10,10,90.428,0,1584-337-336-335-313-291-269-247-246-245-1585
129.5,10,10,90.426,0,1584-337-336-335-313-291-269-247-246-245-1585
129.6,10,10,90.424,0,1584-337-336-335-313-291-269-247-246-245-1585
129.7,10,10,90.423,0,1584-337-336-335-313-291-269-247-246-245-1585
129.8,10,10,90.421,0,1584-337-336-335-313-291-269-247-246-245-1585
129.9,10,10,90.420,0,1584-337-336-335-313-291-269-247-246-245-1585
130.0,10,10,90.418,0,1584-337-336-335-313-291-269-247-246-245-1585
130.1,10,10,90.417,0,1584-337-336-335-313-291-269-247-246-245-1585
130.2,10,10,90.415,0,1584-337-336-335-313-291-269-247-246-245-1585
130.3,10,10,90.414,0,1584-337-336-335-313-291-269-247-246-245-1585
130.4,10,10,90.412,0,1584-337-336-335-313-291-269-247-246-245-1585
130.5,10,10,90.411,0,1584-337-336-335-313-291-269-247-246-245-1585
130.6,10,10,90.409,0,1584-337-336-335-313-291-269-247-246-245-1585
130.7,10,10,90.408,0,1584-337-336-335-313-291-269-247-246-245-1585
130.8,10,10,90.406,0,1584-337-336-335-313-291-269-247-246-245-1585
130.9,10,10,90.405,0,1584-337-336-335-313-291-269-247-246-245-1585
131.0,10,10,90.404,0,1584-337-336-335-313-291-269-247-246-245-1585
131.1,10,10,90.402,0,1584-337-336-335-313-291-269-247-246-245-1585
131.2,10,10,90.401,0,1584-337-336-335-313-291-269-247-246-245-1585
131.3,10,10,90.399,0,1584-337-336-335-313-291-269-247-246-245-1585
131.4,10,10,90.398,0,1584-337-336-335-313-291-269-247-246-245-1585
131.5,10,10,90.396,0,1584-337-336-335-313-291-269-247-246-245-1585
131.6,10,10,90.395,0,1584-337-336-335-313-291-269-247-246-245-1585
131.7,10,10,90.394,0,1584-337-336-335-313-291-269-247-246-245-1585
131.8,10,10,90.392,0,1584-337-336-335-313-291-269-247-246-245-1585
131.9,10,10,90.391,0,1584-337-336-335-313-291-269-247-246-245-1585
132.0,10,10,90.389,0,1584-337-336-335-313-291-269-247-246-245-1585
132.1,10,10,90.388,0,1584-337-336-335-313-291-269-247-246-245-1585
132.2,10,10,90.387,0,1584-337-336-335-313-291-269-247-246-245-1585
132.3,10,10,90.385,0,1584-337-336-335-313-291-269-247-246-245-1585
132.4,10,10,90.384,0,1584-337-336-335-313-291-269-247-246-245-1585
132.5,10,10,90.383,0,1584-337-336-335-313-291-269-247-246-245-1585
132.6,10,10,90.381,0,1584-337-336-335-313-291-269-247-246-245-1585
132.7,10,10,90.380,0,1584-337-336-335-313-291-269-247-246-245-1585
132.8,10,10,90.379,0,1584-337-336-335-313-291-269-247-246-245-1585
132.9,10,10,90.377,0,1584-337-336-335-313-291-269-247-246-245-1585
133.0,10,10,90.376,0,1584-337-336-335-313-291-269-247-246-245-1585
133.1,10,10,90.375,0,1584-337-336-335-313-291-269-247-246-245-1585
133.2,10,10,90.373,0,1584-337-336-335-313-291-269-247-246-245-1585
133.3,10,10,90.372,0,1584-337-336-335-313-291-269-247-246-245-1585
133.4,10,10,90.371,0,1584-337-336-335-313-291-269-247-246-245-1585
133.5,10,10,90.369,0,1584-337-336-335-313-291-269-247-246-245-1585
133.6,10,10,90.368,0,1584-337-336-335-313-291-269-247-246-245-1585
133.7,10,10,90.367,0,1584-337-336-335-313-291-269-247-246-245-1585
133.8,10,10,90.366,0,1584-337-336-335-313-291-269-247-246-245-1585
133.9,10,10,90.364,0,1584-337-336-335-313-291-269-247-246-245-1585
134.0,10,10,90.363,0,1584-337-336-335-313-291-269-247-246-245-1585
134.1,10,10,90.362,0,1584-337-336-335-313-291-269-247-246-245-1585
134.2,10,10,90.361,0,1584-337-336-335-313-291-269-247-246-245-1585
134.3,10,10,90.359,0,1584-337-336-335-313-291-269-247-246-245-1585
134.4,10,10,90.358,0,1584-337-336-335-313-291-269-247-246-245-1585
134.5,10,10,90.357,0,1584-337-336-335-313-291-269-247-246-245-1585
134.6,10,10,90.356,0,1584-337-336-335-313-291-269-247-246-245-1585
134.7,10,10,90.354,0,1584-337-336-335-313-291-269-247-246-245-1585
134.8,10,10,90.353,0,1584-337-336-335-313-291-269-247-246-245-1585
134.9,10,10,90.352,0,1584-337-336-335-313-291-269-247-246-245-1585
135.0,10,10,90.351,0,1584-337-336-335-313-291-269-247-246-245-1585
135.1,10,10,90.350,0,1584-337-336-335-313-291-269-247-246-245-1585
135.2,10,10,90.348,0,1584-337-336-335-313-291-269-247-246-245-1585
135.3,10,10,90.347,0,1584-337-336-335-313-291-269-247-246-245-1585
135.4,10,10,90.346,0,1584-337-336-335-313-291-269-247-246-245-1585
135.5,10,10,90.345,0,1584-337-336-335-313-291-269-247-246-245-1585
135.6,10,10,90.344,0,1584-337-336-335-313-291-269-247-246-245-1585
135.7,10,10,90.343,0,1584-337-336-335-313-291-269-247-246-245-1585
135.8,10,10,90.342,0,1584-337-336-335-313-291-269-247-246-245-1585
135.9,10,10,90.340,0,1584-337-336-335-313-291-269-247-246-245-1585
136.0,10,10,90.339,0,1584-337-336-335-313-291-269-247-246-245-1585
136.1,10,10,90.338,0,1584-337-336-335-313-291-269-247-246-245-1585
136.2,10,10,90.337,0,1584-337-336-335-313-291-269-247-246-245-1585
136.3,10,10,90.336,0,1584-337-336-335-313-291-269-247-246-245-1585
136.4,10,10,90.335,0,1584-337-336-335-313-291-269-247-246-245-1585
136.5,10,10,90.334,0,1584-337-336-335-313-291-269-247-246-245-1585
136.6,10,10,90.333,0,1584-337-336-335-313-291-269-247-246-245-1585
136.7,10,10,90.332,0,1584-337-336-335-313-291-269-247-246-245-1585
136.8,10,10,90.330,0,1584-337-336-335-313-291-269-247-246-245-1585
136.9,10,10,90.329,0,1584-337-336-335-313-291-269-247-246-245-1585
137.0,10,10,90.328,0,1584-337-336-335-313-291-269-247-246-245-1585
137.1,10,10,90.327,0,1584-337-336-335-313-291-269-247-246-245-1585
137.2,10,10,90.326,0,1584-337-336-335-313-291-269-247-246-245-1585
137.3,10,10,90.325,0,1584-337-336-335-313-291-269-247-246-245-1585
137.4,10,10,90.324,0,1584-337-336-335-313-291-269-247-246-245-1585
137.5,10,10,90.323,0,1584-337-336-335-313-291-269-247-246-245-1585
137.6,10,10,90.322,0,1584-337-336-335-313-291-269-247-246-245-1585
137.7,10,10,90.321,0,1584-337-336-335-313-291-269-247-246-245-1585
137.8,10,10,90.320,0,1584-337-336-335-313-291-269-247-246-245-1585
137.9,10,10,90.319,0,1584-337-336-335-313-291-269-247-246-245-1585
138.0,10,10,90.318,0,1584-337-336-335-313-291-269-247-246-245-1585
138.1,10,10,90.317,0,1584-337-336-335-313-291-269-247-246-245-1585
138.2,10,10,90.316,0,1584-337-336-335-313-291-269-247-246-245-1585
138.3,10,10,90.315,0,1584-337-336-335-313-291-269-247-246-245-1585
138.4,10,10,90.314,0,1584-337-336-335-313-291-269-247-246-245-1585
138.5,10,10,90.313,0,1584-337-336-335-313-291-269-247-246-245-1585
138.6,10,10,90.312,0,1584-337-336-335-313-291-269-247-246-245-1585
138.7,10,10,90.311,0,1584-337-336-335-313-291-269-247-246-245-1585
138.8,10,10,90.310,0,1584-337-336-335-313-291-269-247-246-245-1585
138.9,10,10,90.309,0,1584-337-336-335-313-291-269-247-246-245-1585
139.0,10,10,90.308,0,1584-337-336-335-313-291-269-247-246-245-1585
139.1,10,10,90.308,0,1584-337-336-335-313-291-269-247-246-245-1585
139.2,10,10,90.307,0,1584-337-336-335-313-291-269-247-246-245-1585
139.3,10,10,90.306,0,1584-337-336-335-313-291-269-247-246-245-1585
139.4,10,10,90.305,0,1584-337-336-335-313-291-269-247-246-245-1585
139.5,10,10,90.304,0,1584-337-336-335-313-291-269-247-246-245-1585
139.6,10,10,90.303,0,1584-337-336-335-313-291-269-247-246-245-1585
139.7,10,10,90.302,0,1584-337-336-335-313-291-269-247-246-245-1585
139.8,10,10,90.301,0,1584-337-336-335-313-291-269-247-246-245-1585
139.9,10,10,90.300,0,1584-337-336-335-313-291-269-247-246-245-1585
140.0,10,10,90.300,0,1584-337-336-335-313-291-269-247-246-245-1585
140.1,10,10,90.299,0,1584-337-336-335-313-291-269-247-246-245-1585
140.2,10,10,90.298,0,1584-337-336-335-313-291-269-247-246-245-1585
140.3,10,10,90.297,0,1584-337-336-335-313-291-269-247-246-245-1585
140.4,10,10,90.296,0,1584-337-336-335-313-291-269-247-246-245-1585
140.5,10,10,90.295,0,1584-337-336-335-313-291-269-247-246-245-1585
140.6,10,10,90.294,0,1584-337-336-335-313-291-269-247-246-245-1585
140.7,10,10,90.294,0,1584-337-336-335-313-291-269-247-246-245-1585
140.8,10,10,90.293,0,1584-337-336-335-313-291-269-247-246-245-1585
140.9,10,10,90.292,0,1584-337-336-335-313-291-269-247-246-245-1585
141.0,10,10,90.291,0,1584-337-336-335-313-291-269-247-246-245-1585
141.1,10,10,90.290,0,1584-337-336-335-313-291-269-247-246-245-1585
141.2,10,10,90.290,0,1584-337-336-335-313-291-269-247-246-245-1585
141.3,10,10,90.289,0,1584-337-336-335-313-291-269-247-246-245-1585
141.4,10,10,90.288,0,1584-337-336-335-313-291-269-247-246-245-1585
141.5,10,10,90.287,0,1584-337-336-335-313-291-269-247-246-245-1585
141.6,10,10,90.287,0,1584-337-336-335-313-291-269-247-246-245-1585
141.7,10,10,90.286,0,1584-337-336-335-313-291-269-247-246-245-1585
141.8,10,10,90.285,0,1584-337-336-335-313-291-269-247-246-245-1585
141.9,10,10,90.284,0,1584-337-336-335-313-291-269-247-246-245-1585
142.0,10,10,90.284,0,1584-337-336-335-313-291-269-247-246-245-1585
142.1,10,10,90.283,0,1584-337-336-335-313-291-269-247-246-245-1585
142.2,10,10,90.282,0,1584-337-336-335-313-291-269-247-246-245-1585
142.3,10,10,90.281,0,1584-337-336-335-313-291-269-247-246-245-1585
142.4,10,10,90.281,0,1584-337-336-335-313-291-269-247-246-245-1585
142.5,10,10,90.280,0,1584-337-336-335-313-291-269-247-246-245-1585
142.6,10,10,90.279,0,1584-337-336-335-313-291-269-247-246-245-1585
142.7,10,10,90.279,0,1584-337-336-335-313-291-269-247-246-245-1585
142.8,10,10,90.278,0,1584-337-336-335-313-291-269-247-246-245-1585
142.9,10,10,90.277,0,1584-337-336-335-313-291-269-247-246-245-1585
143.0,10,10,90.277,0,1584-337-336-335-313-291-269-247-246-245-1585
143.1,10,10,90.276,0,1584-337-336-335-313-291-269-247-246-245-1585
143.2,10,10,90.275,0,1584-337-336-335-313-291-269-247-246-245-1585
143.3,10,10,90.275,0,1584-337-336-335-313-291-269-247-246-245-1585
143.4,10,10,90.274,0,1584-337-336-335-313-291-269-247-246-245-1585
143.5,10,10,90.273,0,1584-337-336-335-313-291-269-247-246-245-1585
143.6,10,10,90.273,0,1584-337-336-335-313-291-269-247-246-245-1585
143.7,10,10,90.272,0,1584-337-336-335-313-291-269-247-246-245-1585
143.8,10,10,90.272,0,1584-337-336-335-313-291-269-247-246-245-1585
143.9,10,10,90.271,0,1584-337-336-335-313-291-269-247-246-245-1585
144.0,10,10,90.270,0,1584-337-336-335-313-291-269-247-246-245-1585
144.1,10,10,90.270,0,1584-337-336-335-313-291-269-247-246-245-1585
144.2,10,10,90.269,0,1584-337-336-335-313-291-269-247-246-245-1585
144.3,10,10,90.269,0,1584-337-336-335-313-291-269-247-246-245-1585
144.4,10,10,90.268,0,1584-337-336-335-313-291-269-247-246-245-1585
144.5,10,10,90.267,0,1584-337-336-335-313-291-269-247-246-245-1585
144.6,10,10,90.267,0,1584-337-336-335-313-291-269-247-246-245-1585
144.7,10,10,90.266,0,1584-337-336-335-313-291-269-247-246-245-1585
144.8,10,10,90.266,0,1584-337-336-335-313-291-269-247-246-245-1585
144.9,10,10,90.265,0,1584-337-336-335-313-291-269-247-246-245-1585
145.0,10,10,90.265,0,1584-337-336-335-313-291-269-247-246-245-1585
145.1,10,10,90.264,0,1584-337-336-335-313-291-269-247-246-245-1585
145.2,10,10,90.264,0,1584-337-336-335-313-291-269-247-246-245-1585
145.3,10,10,90.263,0,1584-337-336-335-313-291-269-247-246-245-1585
145.4,10,10,90.263,0,1584-337-336-335-313-291-269-247-246-245-1585
145.5,10,10,90.262,0,1584-337-336-335-313-291-269-247-246-245-1585
145.6,10,10,90.262,0,1584-337-336-335-313-291-269-247-246-245-1585
145.7,10,10,90.261,0,1584-337-336-335-313-291-269-247-246-245-1585
145.8,10,10,90.261,0,1584-337-336-335-313-291-269-247-246-245-1585
145.9,10,10,90.260,0,1584-337-336-335-313-291-269-247-246-245-1585
146.0,10,10,90.260,0,1584-337-336-335-313-291-269-247-246-245-1585
146.1,10,10,90.259,0,1584-337-336-335-313-291-269-247-246-245-1585
146.2,10,10,90.259,0,1584-337-336-335-313-291-269-247-246-245-1585
146.3,10,10,90.258,0,1584-337-336-335-313-291-269-247-246-245-1585
146.4,10,10,90.258,0,1584-337-336-335-313-291-269-247-246-245-1585
146.5,10,10,90.258,0,1584-337-336-335-313-291-269-247-246-245-1585
146.6,10,10,90.257,0,1584-337-336-335-313-291-269-247-246-245-1585
146.7,10,10,90.257,0,1584-337-336-335-313-291-269-247-246-245-1585
146.8,10,10,90.256,0,1584-337-336-335-313-291-269-247-246-245-1585
146.9,10,10,90.256,0,1584-337-336-335-313-291-269-247-246-245-1585
147.0,10,10,90.256,0,1584-337-336-335-313-291-269-247-246-245-1585
147.1,10,10,90.255,0,1584-337-336-335-313-291-269-247-246-245-1585
147.2,10,10,90.255,0,1584-337-336-335-313-291-269-247-246-245-1585
147.3,10,10,90.254,0,1584-337-336-335-313-291-269-247-246-245-1585
147.4,10,10,90.254,0,1584-337-336-335-313-291-269-247-246-245-1585
147.5,10,10,90.254,0,1584-337-336-335-313-291-269-247-246-245-1585
147.6,10,10,90.253,0,1584-337-336-335-313-291-269-247-246-245-1585
147.7,10,10,90.253,0,1584-337-336-335-313-291-269-247-246-245-1585
147.8,10,10,90.253,0,1584-337-336-335-313-291-269-247-246-245-1585
147.9,10,10,90.252,0,1584-337-336-335-313-291-269-247-246-245-1585
148.0,10,10,90.252,0,1584-337-336-335-313-291-269-247-246-245-1585
148.1,10,10,90.252,0,1584-337-336-335-313-291-269-247-246-245-1585
148.2,10,10,90.251,0,1584-337-336-335-313-291-269-247-246-245-1585
148.3,10,10,90.251,0,1584-337-336-335-313-291-269-247-246-245-1585
148.4,10,10,90.251,0,1584-337-336-335-313-291-269-247-246-245-1585
148.5,10,10,90.250,0,1584-337-336-335-313-291-269-247-246-245-1585
148.6,10,10,90.250,0,1584-337-336-335-313-291-269-247-246-245-1585
148.7,10,10,90.250,0,1584-337-336-335-313-291-269-247-246-245-1585
148.8,10,10,90.250,0,1584-337-336-335-313-291-269-247-246-245-1585
148.9,10,10,90.249,0,1584-337-336-335-313-291-269-247-246-245-1585
149.0,10,10,90.249,0,1584-337-336-335-313-291-269-247-246-245-1585
149.1,10,10,90.249,0,1584-337-336-335-313-291-269-247-246-245-1585
149.2,10,10,90.248,0,1584-337-336-335-313-291-269-247-246-245-1585
149.3,10,10,90.248,0,1584-337-336-335-313-291-269-247-246-245-1585
149.4,10,10,90.248,0,1584-337-336-335-313-291-269-247-246-245-1585
149.5,10,10,90.248,0,1584-337-336-335-313-291-269-247-246-245-1585
149.6,10,10,90.248,0,1584-337-336-335-313-291-269-247-246-245-1585
149.7,10,10,90.247,0,1584-337-336-335-313-291-269-247-246-245-1585
149.8,10,10,90.247,0,1584-337-336-335-313-291-269-247-246-245-1585
149.9,10,10,90.247,0,1584-337-336-335-313-291-269-247-246-245-1585
150.0,10,10,90.247,0,1584-337-336-335-313-291-269-247-246-245-1585
150.1,10,10,90.247,0,1584-337-336-335-313-291-269-247-246-245-1585
150.2,10,10,90.246,0,1584-337-336-335-313-291-269-247-246-245-1585
150.3,10,10,90.246,0,1584-337-336-335-313-291-269-247-246-245-1585
150.4,10,10,90.246,0,1584-337-336-335-313-291-269-247-246-245-1585
150.5,10,10,90.246,0,1584-337-336-335-313-291-269-247-246-245-1585
150.6,10,10,90.246,0,1584-337-336-335-313-291-269-247-246-245-1585
150.7,10,10,90.246,0,1584-337-336-335-313-291-269-247-246-245-1585
150.8,10,10,90.245,0,1584-337-336-335-313-291-269-247-246-245-1585
150.9,10,10,90.245,0,1584-337-336-335-313-291-269-247-246-245-1585
151.0,10,10,90.245,0,1584-337-336-335-313-291-269-247-246-245-1585
151.1,10,10,90.245,0,1584-337-336-335-313-291-269-247-246-245-1585
151.2,10,10,90.245,0,1584-337-336-335-313-291-269-247-246-245-1585
151.3,10,10,90.245,0,1584-337-336-335-313-291-269-247-246-245-1585
151.4,10,10,90.245,0,1584-337-336-335-313-291-269-247-246-245-1585
151.5,10,10,90.245,0,1584-337-336-335-313-291-269-247-246-245-1585
151.6,10,10,90.245,0,1584-337-336-335-313-291-269-247-246-245-1585
151.7,10,10,90.244,0,1584-337-336-335-313-291-269-247-246-245-1585
151.8,10,10,90.244,0,1584-337-336-335-313-291-269-247-246-245-1585
151.9,10,10,90.244,0,1584-337-336-335-313-291-269-247-246-245-1585
152.0,10,10,90.244,0,1584-337-336-335-313-291-269-247-246-245-1585
152.1,10,10,90.244,0,1584-337-336-335-313-291-269-247-246-245-1585
152.2,10,10,90.244,0,1584-337-336-335-313-291-269-247-246-245-1585
152.3,10,10,90.244,0,1584-337-336-335-313-291-269-247-246-245-1585
152.4,10,10,90.244,0,1584-337-336-335-313-291-269-247-246-245-1585
152.5,10,10,90.244,0,1584-337-336-335-313-291-269-247-246-245-1585
152.6,10,10,90.244,0,1584-337-336-335-313-291-269-247-246-245-1585
152.7,10,10,90.244,0,1584-337-336-335-313-291-269-247-246-245-1585
152.8,10,10,90.244,0,1584-337-336-335-313-291-269-247-246-245-1585
152.9,10,10,90.244,0,1584-337-336-335-313-291-269-247-246-245-1585
153.0,10,10,90.244,0,1584-337-336-335-313-291-269-247-246-245-1585
153.1,10,10,90.244,0,1584-337-336-335-313-291-269-247-246-245-1585
153.2,10,10,90.244,0,1584-337-336-335-313-291-269-247-246-245-1585
153.3,10,10,90.244,0,1584-337-336-335-313-291-269-247-246-245-1585
153.4,10,10,90.244,0,1584-337-336-335-313-291-269-247-246-245-1585
153.5,10,10,90.244,0,1584-337-336-335-313-291-269-247-246-245-1585
153.6,10,10,90.244,0,1584-337-336-335-313-291-269-247-246-245-1585
153.7,10,10,90.244,0,1584-337-336-335-313-291-269-247-246-245-1585
153.8,10,10,90.244,0,1584-337-336-335-313-291-269-247-246-245-1585
153.9,10,10,90.244,0,1584-337-336-335-313-291-269-247-246-245-1585
154.0,10,10,90.245,0,1584-337-336-335-313-291-269-247-246-245-1585
154.1,10,10,90.245,0,1584-337-336-335-313-291-269-247-246-245-1585
154.2,10,10,90.245,0,1584-337-336-335-313-291-269-247-246-245-1585
154.3,10,10,90.245,0,1584-337-336-335-313-291-269-247-246-245-1585
154.4,10,10,90.245,0,1584-337-336-335-313-291-269-247-246-245-1585
154.5,10,10,90.245,0,1584-337-336-335-313-291-269-247-246-245-1585
154.6,10,10,90.245,0,1584-337-336-335-313-291-269-247-246-245-1585
154.7,10,10,90.245,0,1584-337-336-335-313-291-269-247-246-245-1585
154.8,10,10,90.245,0,1584-337-336-335-313-291-269-247-246-245-1585
154.9,10,10,90.246,0,1584-337-336-335-313-291-269-247-246-245-1585
155.0,10,10,90.246,0,1584-337-336-335-313-291-269-247-246-245-1585
155.1,10,10,90.246,0,1584-337-336-335-313-291-269-247-246-245-1585
155.2,10,10,90.246,0,1584-337-336-335-313-291-269-247-246-245-1585
155.3,10,10,90.246,0,1584-337-336-335-313-291-269-247-246-245-1585
155.4,10,10,90.246,0,1584-337-336-335-313-291-269-247-246-245-1585
155.5,10,10,90.247,0,1584-337-336-335-313-291-269-247-246-245-1585
155.6,10,10,90.247,0,1584-337-336-335-313-291-269-247-246-245-1585
155.7,10,10,90.247,0,1584-337-336-335-313-291-269-247-246-245-1585
155.8,10,10,90.247,0,1584-337-336-335-313-291-269-247-246-245-1585
155.9,10,10,90.247,0,1584-337-336-335-313-291-269-247-246-245-1585
156.0,10,10,90.248,0,1584-337-336-335-313-291-269-247-246-245-1585
156.1,10,10,90.248,0,1584-337-336-335-313-291-269-247-246-245-1585
156.2,10,10,90.248,0,1584-337-336-335-313-291-269-247-246-245-1585
156.3,10,10,90.248,0,1584-337-336-335-313-291-269-247-246-245-1585
156.4,10,10,90.248,0,1584-337-336-335-313-291-269-247-246-245-1585
156.5,10,10,90.249,0,1584-337-336-335-313-291-269-247-246-245-1585
156.6,10,10,90.249,0,1584-337-336-335-313-291-269-247-246-245-1585
156.7,10,10,90.249,0,1584-337-336-335-313-291-269-247-246-245-1585
156.8,10,10,90.249,0,1584-337-336-335-313-291-269-247-246-245-1585
156.9,10,10,90.250,0,1584-337-336-335-313-291-269-247-246-245-1585
157.0,10,10,90.250,0,1584-337-336-335-313-291-269-247-246-245-1585
157.1,10,10,90.250,0,1584-337-336-335-313-291-269-247-246-245-1585
157.2,10,10,90.251,0,1584-337-336-335-313-291-269-247-246-245-1585
157.3,10,10,90.251,0,1584-337-336-335-313-291-269-247-246-245-1585
157.4,10,10,90.251,0,1584-337-336-335-313-291-269-247-246-245-1585
157.5,10,10,90.252,0,1584-337-336-335-313-291-269-247-246-245-1585
157.6,10,10,90.252,0,1584-337-336-335-313-291-269-247-246-245-1585
157.7,10,10,90.252,0,1584-337-336-335-313-291-269-247-246-245-1585
157.8,10,10,90.253,0,1584-337-336-335-313-291-269-247-246-245-1585
157.9,10,10,90.253,0,1584-337-336-335-313-291-269-247-246-245-1585
158.0,10,10,90.253,0,1584-337-336-335-313-291-269-247-246-245-1585
158.1,10,10,90.254,0,1584-337-336-335-313-291-269-247-246-245-1585
158.2,10,10,90.254,0,1584-337-336-335-313-291-269-247-246-245-1585
158.3,10,10,90.254,0,1584-337-336-335-313-291-269-247-246-245-1585
158.4,10,10,90.255,0,1584-337-336-335-313-291-269-247-246-245-1585
158.5,10,10,90.255,0,1584-337-336-335-313-291-269-247-246-245-1585
158.6,10,10,90.256,0,1584-337-336-335-313-291-269-247-246-245-1585
158.7,10,10,90.256,0,1584-337-336-335-313-291-269-247-246-245-1585
158.8,10,10,90.256,0,1584-337-336-335-313-291-269-247-246-245-1585
158.9,10,10,90.257,0,1584-337-336-335-313-291-269-247-246-245-1585
159.0,10,10,90.257,0,1584-337-336-335-313-291-269-247-246-245-1585
159.1,10,10,90.258,0,1584-337-336-335-313-291-269-247-246-245-1585
159.2,10,10,90.258,0,1584-337-336-335-313-291-269-247-246-245-1585
159.3,10,10,90.259,0,1584-337-336-335-313-291-269-247-246-245-1585
159.4,10,10,90.259,0,1584-337-336-335-313-291-269-247-246-245-1585
159.5,10,10,90.259,0,1584-337-336-335-313-291-269-247-246-245-1585
159.6,10,10,90.260,0,1584-337-336-335-313-291-269-247-246-245-1585
159.7,10,10,90.260,0,1584-337-336-335-313-291-269-247-246-245-1585
159.8,10,10,90.261,0,1584-337-336-335-313-291-269-247-246-245-1585
159.9,10,10,90.261,0,1584-337-336-335-313-291-269-247-246-245-1585
160.0,10,10,90.262,0,1584-337-336-335-313-291-269-247-246-245-1585
160.1,10,10,90.262,0,1584-337-336-335-313-291-269-247-246-245-1585
160.2,10,10,90.263,0,1584-337-336-335-313-291-269-247-246-245-1585
160.3,10,10,90.263,0,1584-337-336-335-313-291-269-247-246-245-1585
160.4,10,10,90.264,0,1584-337-336-335-313-291-269-247-246-245-1585
160.5,10,10,90.264,0,1584-337-336-335-313-291-269-247-246-245-1585
160.6,10,10,90.265,0,1584-337-336-335-313-291-269-247-246-245-1585
160.7,10,10,90.265,0,1584-337-336-335-313-291-269-247-246-245-1585
160.8,10,10,90.266,0,1584-337-336-335-313-291-269-247-246-245-1585
160.9,10,10,90.267,0,1584-337-336-335-313-291-269-247-246-245-1585
161.0,10,10,90.267,0,1584-337-336-335-313-291-269-247-246-245-1585
161.1,10,10,90.268,0,1584-337-336-335-313-291-269-247-246-245-1585
161.2,10,10,90.268,0,1584-337-336-335-313-291-269-247-246-245-1585
161.3,10,10,90.269,0,1584-337-336-335-313-291-269-247-246-245-1585
161.4,10,10,90.269,0,1584-337-336-335-313-291-269-247-246-245-1585
161.5,10,10,90.270,0,1584-337-336-335-313-291-269-247-246-245-1585
161.6,10,10,90.271,0,1584-337-336-335-313-291-269-247-246-245-1585
161.7,10,10,90.271,0,1584-337-336-335-313-291-269-247-246-245-1585
161.8,10,10,90.272,0,1584-337-336-335-313-291-269-247-246-245-1585
161.9,10,10,90.272,0,1584-337-336-335-313-291-269-247-246-245-1585
162.0,10,10,90.273,0,1584-337-336-335-313-291-269-247-246-245-1585
162.1,10,10,90.274,0,1584-337-336-335-313-291-269-247-246-245-1585
162.2,10,10,90.274,0,1584-337-336-335-313-291-269-247-246-245-1585
162.3,10,10,90.275,0,1584-337-336-335-313-291-269-247-246-245-1585
162.4,10,10,90.276,0,1584-337-336-335-313-291-269-247-246-245-1585
162.5,10,10,90.276,0,1584-337-336-335-313-291-269-247-246-245-1585
162.6,10,10,90.277,0,1584-337-336-335-313-291-269-247-246-245-1585
162.7,10,10,90.278,0,1584-337-336-335-313-291-269-247-246-245-1585
162.8,10,10,90.278,0,1584-337-336-335-313-291-269-247-246-245-1585
162.9,10,10,90.279,0,1584-337-336-335-313-291-269-247-246-245-1585
163.0,10,10,90.280,0,1584-337-336-335-313-291-269-247-246-245-1585
163.1,10,10,90.280,0,1584-337-336-335-313-291-269-247-246-245-1585
163.2,10,10,90.281,0,1584-337-336-335-313-291-269-247-246-245-1585
163.3,10,10,90.282,0,1584-337-336-335-313-291-269-247-246-245-1585
163.4,10,10,90.283,0,1584-337-336-335-313-291-269-247-246-245-1585
163.5,10,10,90.283,0,1584-337-336-335-313-291-269-247-246-245-1585
163.6,10,10,90.284,0,1584-337-336-335-313-291-269-247-246-245-1585
163.7,10,10,90.285,0,1584-337-336-335-313-291-269-247-246-245-1585
163.8,10,10,90.286,0,1584-337-336-335-313-291-269-247-246-245-1585
163.9,10,10,90.286,0,1584-337-336-335-313-291-269-247-246-245-1585
164.0,10,10,90.287,0,1584-337-336-335-313-291-269-247-246-245-1585
164.1,10,10,90.288,0,1584-337-336-335-313-291-269-247-246-245-1585
164.2,10,10,90.289,0,1584-337-336-335-313-291-269-247-246-245-1585
164.3,10,10,90.290,0,1584-337-336-335-313-291-269-247-246-245-1585
164.4,10,10,90.290,0,1584-337-336-335-313-291-269-247-246-245-1585
164.5,10,10,90.291,0,1584-337-336-335-313-291-269-247-246-245-1585
164.6,10,10,90.292,0,1584-337-336-335-313-291-269-247-246-245-1585
164.7,10,10,90.293,0,1584-337-336-335-313-291-269-247-246-245-1585
164.8,10,10,90.294,0,1584-337-336-335-313-291-269-247-246-245-1585
164.9,10,10,90.294,0,1584-337-336-335-313-291-269-247-246-245-1585
165.0,10,10,90.295,0,1584-337-336-335-313-291-269-247-246-245-1585
165.1,10,10,90.296,0,1584-337-336-335-313-291-269-247-246-245-1585
165.2,10,10,90.297,0,1584-337-336-335-313-291-269-247-246-245-1585
165.3,10,10,90.298,0,1584-337-336-335-313-291-269-247-246-245-1585
165.4,10,10,90.299,0,1584-337-336-335-313-291-269-247-246-245-1585
165.5,10,10,90.300,0,1584-337-336-335-313-291-269-247-246-245-1585
165.6,10,10,90.300,0,1584-337-336-335-313-291-269-247-246-245-1585
165.7,10,10,90.301,0,1584-337-336-335-313-291-269-247-246-245-1585
165.8,10,10,90.302,0,1584-337-336-335-313-291-269-247-246-245-1585
165.9,10,10,90.303,0,1584-337-336-335-313-291-269-247-246-245-1585
166.0,10,10,90.304,0,1584-337-336-335-313-291-269-247-246-245-1585
166.1,10,10,90.305,0,1584-337-336-335-313-291-269-247-246-245-1585
166.2,10,10,90.306,0,1584-337-336-335-313-291-269-247-246-245-1585
166.3,10,10,90.307,0,1584-337-336-335-313-291-269-247-246-245-1585
166.4,10,10,90.308,0,1584-337-336-335-313-291-269-247-246-245-1585
166.5,10,10,90.309,0,1584-337-336-335-313-291-269-247-246-245-1585
166.6,10,10,90.310,0,1584-337-336-335-313-291-269-247-246-245-1585
166.7,10,10,90.311,0,1584-337-336-335-313-291-269-247-246-245-1585
166.8,10,10,90.312,0,1584-337-336-335-313-291-269-247-246-245-1585
166.9,10,10,90.313,0,1584-337-336-335-313-291-269-247-246-245-1585
167.0,10,10,90.313,0,1584-337-336-335-313-291-269-247-246-245-1585
167.1,10,10,90.314,0,1584-337-336-335-313-291-269-247-246-245-1585
167.2,10,10,90.315,0,1584-337-336-335-313-291-269-247-246-245-1585
167.3,10,10,90.316,0,1584-337-336-335-313-291-269-247-246-245-1585
167.4,10,10,90.317,0,1584-337-336-335-313-291-269-247-246-245-1585
167.5,10,10,90.318,0,1584-337-336-335-313-291-269-247-246-245-1585
167.6,10,10,90.320,0,1584-337-336-335-313-291-269-247-246-245-1585
167.7,10,10,90.321,0,1584-337-336-335-313-291-269-247-246-245-1585
167.8,10,10,90.322,0,1584-337-336-335-313-291-269-247-246-245-1585
167.9,10,10,90.323,0,1584-337-336-335-313-291-269-247-246-245-1585
168.0,10,10,90.324,0,1584-337-336-335-313-291-269-247-246-245-1585
168.1,10,10,90.325,0,1584-337-336-335-313-291-269-247-246-245-1585
168.2,10,10,90.326,0,1584-337-336-335-313-291-269-247-246-245-1585
168.3,10,10,90.327,0,1584-337-336-335-313-291-269-247-246-245-1585
168.4,10,10,90.328,0,1584-337-336-335-313-291-269-247-246-245-1585
168.5,10,10,90.329,0,1584-337-336-335-313-291-269-247-246-245-1585
168.6,10,10,90.330,0,1584-337-336-335-313-291-269-247-246-245-1585
168.7,10,10,90.331,0,1584-337-336-335-313-291-269-247-246-245-1585
168.8,10,10,90.332,0,1584-337-336-335-313-291-269-247-246-245-1585
168.9,10,10,90.333,0,1584-337-336-335-313-291-269-247-246-245-1585
169.0,10,10,90.335,0,1584-337-336-335-313-291-269-247-246-245-1585
169.1,10,10,90.336,0,1584-337-336-335-313-291-269-247-246-245-1585
169.2,10,10,90.337,0,1584-337-336-335-313-291-269-247-246-245-1585
169.3,10,10,90.338,0,1584-337-336-335-313-291-269-247-246-245-1585
169.4,10,10,90.339,0,1584-337-336-335-313-291-269-247-246-245-1585
169.5,10,10,90.340,0,1584-337-336-335-313-291-269-247-246-245-1585
169.6,10,10,90.341,0,1584-337-336-335-313-291-269-247-246-245-1585
169.7,10,10,90.343,0,1584-337-336-335-313-291-269-247-246-245-1585
169.8,10,10,90.344,0,1584-337-336-335-313-291-269-247-246-245-1585
169.9,10,10,90.345,0,1584-337-336-335-313-291-269-247-246-245-1585
170.0,10,10,90.346,0,1584-337-336-335-313-291-269-247-246-245-1585
170.1,10,10,90.347,0,1584-337-336-335-313-291-269-247-246-245-1585
170.2,10,10,90.349,0,1584-337-336-335-313-291-269-247-246-245-1585
170.3,10,10,90.350,0,1584-337-336-335-313-291-269-247-246-245-1585
170.4,10,10,90.351,0,1584-337-336-335-313-291-269-247-246-245-1585
170.5,10,10,90.352,0,1584-337-336-335-313-291-269-247-246-245-1585
170.6,10,10,90.353,0,1584-337-336-335-313-291-269-247-246-245-1585
170.7,10,10,90.355,0,1584-337-336-335-313-291-269-247-246-245-1585
170.8,10,10,90.356,0,1584-337-336-335-313-291-269-247-246-245-1585
170.9,10,10,90.357,0,1584-337-336-335-313-291-269-247-246-245-1585
171.0,10,10,90.358,0,1584-337-336-335-313-291-269-247-246-245-1585
171.1,10,10,90.360,0,1584-337-336-335-313-291-269-247-246-245-1585
171.2,10,10,90.361,0,1584-337-336-335-313-291-269-247-246-245-1585
171.3,10,10,90.362,0,1584-337-336-335-313-291-269-247-246-245-1585
171.4,10,10,90.363,0,1584-337-336-335-313-291-269-247-246-245-1585
171.5,10,10,90.365,0,1584-337-336-335-313-291-269-247-246-245-1585
171.6,10,10,90.366,0,1584-337-336-335-313-291-269-247-246-245-1585
171.7,10,10,90.367,0,1584-337-336-335-313-291-269-247-246-245-1585
171.8,10,10,90.369,0,1584-337-336-335-313-291-269-247-246-245-1585
171.9,10,10,90.370,0,1584-337-336-335-313-291-269-247-246-245-1585
172.0,10,10,90.371,0,1584-337-336-335-313-291-269-247-246-245-1585
172.1,10,10,90.373,0,1584-337-336-335-313-291-269-247-246-245-1585
172.2,10,10,90.374,0,1584-337-336-335-313-291-269-247-246-245-1585
172.3,10,10,90.375,0,1584-337-336-335-313-291-269-247-246-245-1585
172.4,10,10,90.377,0,1584-337-336-335-313-291-269-247-246-245-1585
172.5,10,10,90.378,0,1584-337-336-335-313-291-269-247-246-245-1585
172.6,10,10,90.379,0,1584-337-336-335-313-291-269-247-246-245-1585
172.7,10,10,90.381,0,1584-337-336-335-313-291-269-247-246-245-1585
172.8,10,10,90.382,0,1584-337-336-335-313-291-269-247-246-245-1585
172.9,10,10,90.384,0,1584-337-336-335-313-291-269-247-246-245-1585
173.0,10,10,90.385,0,1584-337-336-335-313-291-269-247-246-245-1585
173.1,10,10,90.386,0,1584-337-336-335-313-291-269-247-246-245-1585
173.2,10,10,90.388,0,1584-337-336-335-313-291-269-247-246-245-1585
173.3,10,10,90.389,0,1584-337-336-335-313-291-269-247-246-245-1585
173.4,10,10,90.391,0,1584-337-336-335-313-291-269-247-246-245-1585
173.5,10,10,90.392,0,1584-337-336-335-313-291-269-247-246-245-1585
173.6,10,10,90.394,0,1584-337-336-335-313-291-269-247-246-245-1585
173.7,10,10,90.395,0,1584-337-336-335-313-291-269-247-246-245-1585
173.8,10,10,90.396,0,1584-337-336-335-313-291-269-247-246-245-1585
173.9,10,10,90.398,0,1584-337-336-335-313-291-269-247-246-245-1585
174.0,10,10,90.399,0,1584-337-336-335-313-291-269-247-246-245-1585
174.1,10,10,90.401,0,1584-337-336-335-313-291-269-247-246-245-1585
174.2,10,10,90.402,0,1584-337-336-335-313-291-269-247-246-245-1585
174.3,10,10,90.404,0,1584-337-336-335-313-291-269-247-246-245-1585
174.4,10,10,90.405,0,1584-337-336-335-313-291-269-247-246-245-1585
174.5,10,10,90.407,0,1584-337-336-335-313-291-269-247-246-245-1585
174.6,10,10,90.408,0,1584-337-336-335-313-291-269-247-246-245-1585
174.7,10,10,90.410,0,1584-337-336-335-313-291-269-247-246-245-1585
174.8,10,10,90.411,0,1584-337-336-335-313-291-269-247-246-245-1585
174.9,10,10,90.413,0,1584-337-336-335-313-291-269-247-246-245-1585
175.0,10,10,90.414,0,1584-337-336-335-313-291-269-247-246-245-1585
175.1,10,10,90.416,0,1584-337-336-335-313-291-269-247-246-245-1585
175.2,10,10,90.418,0,1584-337-336-335-313-291-269-247-246-245-1585
175.3,10,10,90.419,0,1584-337-336-335-313-291-269-247-246-245-1585
175.4,10,10,90.421,0,1584-337-336-335-313-291-269-247-246-245-1585
175.5,10,10,90.422,0,1584-337-336-335-313-291-269-247-246-245-1585
175.6,10,10,90.424,0,1584-337-336-335-313-291-269-247-246-245-1585
175.7,10,10,90.425,0,1584-337-336-335-313-291-269-247-246-245-1585
175.8,10,10,90.427,0,1584-337-336-335-313-291-269-247-246-245-1585
175.9,10,10,90.429,0,1584-337-336-335-313-291-269-247-246-245-1585
176.0,10,10,90.430,0,1584-337-336-335-313-291-269-247-246-245-1585
176.1,10,10,90.432,0,1584-337-336-335-313-291-269-247-246-245-1585
176.2,10,10,90.434,0,1584-337-336-335-313-291-269-247-246-245-1585
176.3,10,10,90.435,0,1584-337-336-335-313-291-269-247-246-245-1585
176.4,10,10,90.437,0,1584-337-336-335-313-291-269-247-246-245-1585
176.5,10,10,90.438,0,1584-337-336-335-313-291-269-247-246-245-1585
176.6,10,10,90.440,0,1584-337-336-335-313-291-269-247-246-245-1585
176.7,10,10,90.442,0,1584-337-336-335-313-291-269-247-246-245-1585
176.8,10,10,90.443,0,1584-337-336-335-313-291-269-247-246-245-1585
176.9,10,10,90.445,0,1584-337-336-335-313-291-269-247-246-245-1585
177.0,10,10,90.447,0,1584-337-336-335-313-291-269-247-246-245-1585
177.1,10,10,90.448,0,1584-337-336-335-313-291-269-247-246-245-1585
177.2,10,10,90.450,0,1584-337-336-335-313-291-269-247-246-245-1585
177.3,10,10,90.452,0,1584-337-336-335-313-291-269-247-246-245-1585
177.4,10,10,90.454,0,1584-337-336-335-313-291-269-247-246-245-1585
177.5,10,10,90.455,0,1584-337-336-335-313-291-269-247-246-245-1585
177.6,10,10,90.457,0,1584-337-336-335-313-291-269-247-246-245-1585
177.7,10,10,90.459,0,1584-337-336-335-313-291-269-247-246-245-1585
177.8,10,10,90.460,0,1584-337-336-335-313-291-269-247-246-245-1585
177.9,10,10,90.462,0,1584-337-336-335-313-291-269-247-246-245-1585
178.0,10,10,90.464,0,1584-337-336-335-313-291-269-247-246-245-1585
178.1,10,10,90.466,0,1584-337-336-335-313-291-269-247-246-245-1585
178.2,10,10,90.467,0,1584-337-336-335-313-291-269-247-246-245-1585
178.3,10,10,90.469,0,1584-337-336-335-313-291-269-247-246-245-1585
178.4,10,10,90.471,0,1584-337-336-335-313-291-269-247-246-245-1585
178.5,10,10,90.473,0,1584-337-336-335-313-291-269-247-246-245-1585
178.6,10,10,90.475,0,1584-337-336-335-313-291-269-247-246-245-1585
178.7,10,10,90.476,0,1584-337-336-335-313-291-269-247-246-245-1585
178.8,10,10,90.478,0,1584-337-336-335-313-291-269-247-246-245-1585
178.9,10,10,90.480,0,1584-337-336-335-313-291-269-247-246-245-1585
179.0,10,10,90.482,0,1584-337-336-335-313-291-269-247-246-245-1585
179.1,10,10,90.484,0,1584-337-336-335-313-291-269-247-246-245-1585
179.2,10,10,90.485,0,1584-337-336-335-313-291-269-247-246-245-1585
179.3,10,10,90.487,0,1584-337-336-335-313-291-269-247-246-245-1585
179.4,10,10,90.489,0,1584-337-336-335-313-291-269-247-246-245-1585
179.5,10,10,90.491,0,1584-337-336-335-313-291-269-247-246-245-1585
179.6,10,10,90.493,0,1584-337-336-335-313-291-269-247-246-245-1585
179.7,10,10,90.495,0,1584-337-336-335-313-291-269-247-246-245-1585
179.8,10,10,90.497,0,1584-337-336-335-313-291-269-247-246-245-1585
179.9,10,10,90.498,0,1584-337-336-335-313-291-269-247-246-245-1585
180.0,10,10,90.500,0,1584-337-336-335-313-291-269-247-246-245-1585
180.1,10,10,90.502,0,1584-337-336-335-313-291-269-247-246-245-1585
180.2,10,10,90.504,0,1584-337-336-335-313-291-269-247-246-245-1585
180.3,10,10,90.506,0,1584-337-336-335-313-291-269-247-246-245-1585
180.4,10,10,90.508,0,1584-337-336-335-313-291-269-247-246-245-1585
180.5,10,10,90.510,0,1584-337-336-335-313-291-269-247-246-245-1585
180.6,10,10,90.512,0,1584-337-336-335-313-291-269-247-246-245-1585
180.7,10,10,90.514,0,1584-337-336-335-313-291-269-247-246-245-1585
180.8,10,10,90.516,0,1584-337-336-335-313-291-269-247-246-245-1585
180.9,10,10,90.518,0,1584-337-336-335-313-291-269-247-246-245-1585
181.0,10,10,90.520,0,1584-337-336-335-313-291-269-247-246-245-1585
181.1,10,10,90.522,0,1584-337-336-335-313-291-269-247-246-245-1585
181.2,10,10,90.524,0,1584-337-336-335-313-291-269-247-246-245-1585
181.3,10,10,90.526,0,1584-337-336-335-313-291-269-247-246-245-1585
181.4,10,10,90.528,0,1584-337-336-335-313-291-269-247-246-245-1585
181.5,10,10,90.530,0,1584-337-336-335-313-291-269-247-246-245-1585
181.6,10,10,90.532,0,1584-337-336-335-313-291-269-247-246-245-1585
181.7,10,10,90.534,0,1584-337-336-335-313-291-269-247-246-245-1585
181.8,10,10,90.536,0,1584-337-336-335-313-291-269-247-246-245-1585
181.9,10,10,90.538,0,1584-337-336-335-313-291-269-247-246-245-1585
182.0,10,10,90.540,0,1584-337-336-335-313-291-269-247-246-245-1585
182.1,10,10,90.542,0,1584-337-336-335-313-291-269-247-246-245-1585
182.2,10,10,90.544,0,1584-337-336-335-313-291-269-247-246-245-1585
182.3,10,10,90.546,0,1584-337-336-335-313-291-269-247-246-245-1585
182.4,10,10,90.548,0,1584-337-336-335-313-291-269-247-246-245-1585
182.5,10,10,90.550,0,1584-337-336-335-313-291-269-247-246-245-1585
182.6,10,10,90.552,0,1584-337-336-335-313-291-269-247-246-245-1585
182.7,10,10,90.554,0,1584-337-336-335-313-291-269-247-246-245-1585
182.8,10,10,90.556,0,1584-337-336-335-313-291-269-247-246-245-1585
182.9,10,10,90.558,0,1584-337-336-335-313-291-269-247-246-245-1585
183.0,10,10,90.560,0,1584-337-336-335-313-291-269-247-246-245-1585
183.1,10,10,90.562,0,1584-337-336-335-313-291-269-247-246-245-1585
183.2,10,10,90.564,0,1584-337-336-335-313-291-269-247-246-245-1585
183.3,10,10,90.567,0,1584-337-336-335-313-291-269-247-246-245-1585
183.4,10,10,90.569,0,1584-337-336-335-313-291-269-247-246-245-1585
183.5,10,10,90.571,0,1584-337-336-335-313-291-269-247-246-245-1585
183.6,10,10,90.573,0,1584-337-336-335-313-291-269-247-246-245-1585
183.7,10,10,90.575,0,1584-337-336-335-313-291-269-247-246-245-1585
183.8,10,10,90.577,0,1584-337-336-335-313-291-269-247-246-245-1585
183.9,10,10,90.579,0,1584-337-336-335-313-291-269-247-246-245-1585
184.0,10,10,90.582,0,1584-337-336-335-313-291-269-247-246-245-1585
184.1,10,10,90.584,0,1584-337-336-335-313-291-269-247-246-245-1585
184.2,10,10,90.586,0,1584-337-336-335-313-291-269-247-246-245-1585
184.3,10,10,90.588,0,1584-337-336-335-313-291-269-247-246-245-1585
184.4,10,10,90.590,0,1584-337-336-335-313-291-269-247-246-245-1585
184.5,10,10,90.593,0,1584-337-336-335-313-291-269-247-246-245-1585
184.6,10,10,90.595,0,1584-337-336-335-313-291-269-247-246-245-1585
184.7,10,10,90.597,0,1584-337-336-335-313-291-269-247-246-245-1585
184.8,10,10,90.599,0,1584-337-336-335-313-291-269-247-246-245-1585
184.9,10,10,90.601,0,1584-337-336-335-313-291-269-247-246-245-1585
185.0,10,10,90.604,0,1584-337-336-335-313-291-269-247-246-245-1585
185.1,10,10,90.606,0,1584-337-336-335-313-291-269-247-246-245-1585
185.2,10,10,90.608,0,1584-337-336-335-313-291-269-247-246-245-1585
185.3,10,10,90.610,0,1584-337-336-335-313-291-269-247-246-245-1585
185.4,10,10,90.613,0,1584-337-336-335-313-291-269-247-246-245-1585
185.5,10,10,90.615,0,1584-337-336-335-313-291-269-247-246-245-1585
185.6,10,10,90.617,0,1584-337-336-335-313-291-269-247-246-245-1585
185.7,10,10,90.620,0,1584-337-336-335-313-291-269-247-246-245-1585
185.8,10,10,90.622,0,1584-337-336-335-313-291-269-247-246-245-1585
185.9,10,10,90.624,0,1584-337-336-335-313-291-269-247-246-245-1585
186.0,10,10,90.626,0,1584-337-336-335-313-291-269-247-246-245-1585
186.1,10,10,90.629,0,1584-337-336-335-313-291-269-247-246-245-1585
186.2,10,10,90.631,0,1584-337-336-335-313-291-269-247-246-245-1585
186.3,10,10,90.633,0,1584-337-336-335-313-291-269-247-246-245-1585
186.4,10,10,90.636,0,1584-337-336-335-313-291-269-247-246-245-1585
186.5,10,10,90.638,0,1584-337-336-335-313-291-269-247-246-245-1585
186.6,10,10,90.640,0,1584-337-336-335-313-291-269-247-246-245-1585
186.7,10,10,90.643,0,1584-337-336-335-313-291-269-247-246-245-1585
186.8,10,10,90.645,0,1584-337-336-335-313-291-269-247-246-245-1585
186.9,10,10,90.647,0,1584-337-336-335-313-291-269-247-246-245-1585
187.0,10,10,90.650,0,1584-337-336-335-313-291-269-247-246-245-1585
187.1,10,10,90.652,0,1584-337-336-335-313-291-269-247-246-245-1585
187.2,10,10,90.655,0,1584-337-336-335-313-291-269-247-246-245-1585
187.3,10,10,90.657,0,1584-337-336-335-313-291-269-247-246-245-1585
187.4,12,12,97.888,1,1584-337-336-335-313-291-269-247-225-203-181-180-1585
187.5,12,12,97.891,0,1584-337-336-335-313-291-269-247-225-203-181-180-1585
187.6,12,12,97.894,0,1584-337-336-335-313-291-269-247-225-203-181-180-1585
187.7,12,12,97.898,0,1584-337-336-335-313-291-269-247-225-203-181-180-1585
187.8,12,12,97.901,0,1584-337-336-335-313-291-269-247-225-203-181-180-1585
187.9,12,12,97.904,0,1584-337-336-335-313-291-269-247-225-203-181-180-1585
188.0,12,12,97.908,0,1584-337-336-335-313-291-269-247-225-203-181-180-1585
188.1,12,12,97.911,0,1584-337-336-335-313-291-269-247-225-203-181-180-1585
188.2,12,12,97.915,0,1584-337-336-335-313-291-269-247-225-203-181-180-1585
188.3,12,12,97.918,0,1584-337-336-335-313-291-269-247-225-203-181-180-1585
188.4,12,12,97.921,0,1584-337-336-335-313-291-269-247-225-203-181-180-1585
188.5,12,12,97.925,0,1584-337-336-335-313-291-269-247-225-203-181-180-1585
188.6,12,12,97.928,0,1584-337-336-335-313-291-269-247-225-203-181-180-1585
188.7,12,12,97.932,0,1584-337-336-335-313-291-269-247-225-203-181-180-1585
188.8,12,12,97.935,0,1584-337-336-335-313-291-269-247-225-203-181-180-1585
188.9,12,12,97.939,0,1584-337-336-335-313-291-269-247-225-203-181-180-1585
189.0,12,12,97.942,0,1584-337-336-335-313-291-269-247-225-203-181-180-1585
189.1,12,12,97.946,0,1584-337-336-335-313-291-269-247-225-203-181-180-1585
189.2,12,12,97.949,0,1584-337-336-335-313-291-269-247-225-203-181-180-1585
189.3,12,12,97.952,0,1584-337-336-335-313-291-269-247-225-203-181-180-1585
189.4,12,12,97.956,0,1584-337-336-335-313-291-269-247-225-203-181-180-1585
189.5,12,12,97.959,0,1584-337-336-335-313-291-269-247-225-203-181-180-1585
189.6,12,12,97.963,0,1584-337-336-335-313-291-269-247-225-203-181-180-1585
189.7,12,12,97.966,0,1584-337-336-335-313-291-269-247-225-203-181-180-1585
189.8,12,12,97.970,0,1584-337-336-335-313-291-269-247-225-203-181-180-1585
189.9,12,12,97.974,0,1584-337-336-335-313-291-269-247-225-203-181-180-1585
190.0,12,12,97.977,0,1584-337-336-335-313-291-269-247-225-203-181-180-1585
190.1,12,12,97.981,0,1584-337-336-335-313-291-269-247-225-203-181-180-1585
190.2,12,12,97.984,0,1584-337-336-335-313-291-269-247-225-203-181-180-1585
190.3,12,12,97.988,0,1584-337-336-335-313-291-269-247-225-203-181-180-1585
190.4,12,12,97.991,0,1584-337-336-335-313-291-269-247-225-203-181-180-1585
190.5,12,12,97.995,0,1584-337-336-335-313-291-269-247-225-203-181-180-1585
190.6,12,12,97.998,0,1584-337-336-335-313-291-269-247-225-203-181-180-1585
190.7,12,12,98.002,0,1584-337-336-335-313-291-269-247-225-203-181-180-1585
190.8,12,12,98.005,0,1584-337-336-335-313-291-269-247-225-203-181-180-1585
190.9,12,12,98.009,0,1584-337-336-335-313-291-269-247-225-203-181-180-1585
191.0,12,12,98.013,0,1584-337-336-335-313-291-269-247-225-203-181-180-1585
191.1,12,12,98.016,0,1584-337-336-335-313-291-269-247-225-203-181-180-1585
191.2,12,12,98.020,0,1584-337-336-335-313-291-269-247-225-203-181-180-1585
191.3,12,12,98.023,0,1584-337-336-335-313-291-269-247-225-203-181-180-1585
191.4,12,12,98.027,0,1584-337-336-335-313-291-269-247-225-203-181-180-1585
191.5,12,12,98.031,0,1584-337-336-335-313-291-269-247-225-203-181-180-1585
191.6,12,12,98.034,0,1584-337-336-335-313-291-269-247-225-203-181-180-1585
191.7,12,12,98.038,0,1584-337-336-335-313-291-269-247-225-203-181-180-1585
191.8,12,12,98.042,0,1584-337-336-335-313-291-269-247-225-203-181-180-1585
191.9,12,12,98.045,0,1584-337-336-335-313-291-269-247-225-203-181-180-1585
192.0,12,12,98.049,0,1584-337-336-335-313-291-269-247-225-203-181-180-1585
192.1,12,12,98.053,0,1584-337-336-335-313-291-269-247-225-203-181-180-1585
192.2,12,12,98.056,0,1584-337-336-335-313-291-269-247-225-203-181-180-1585
192.3,12,12,98.060,0,1584-337-336-335-313-291-269-247-225-203-181-180-1585
192.4,12,12,98.064,0,1584-337-336-335-313-291-269-247-225-203-181-180-1585
192.5,12,12,98.067,0,1584-337-336-335-313-291-269-247-225-203-181-180-1585
192.6,12,12,98.071,0,1584-337-336-335-313-291-269-247-225-203-181-180-1585
192.7,12,12,98.075,0,1584-337-336-335-313-291-269-247-225-203-181-180-1585
192.8,12,12,98.078,0,1584-337-336-335-313-291-269-247-225-203-181-180-1585
192.9,12,12,98.082,0,1584-337-336-335-313-291-269-247-225-203-181-180-1585
193.0,12,12,98.086,0,1584-337-336-335-313-291-269-247-225-203-181-180-1585
193.1,12,12,98.090,0,1584-337-336-335-313-291-269-247-225-203-181-180-1585
193.2,12,12,98.093,0,1584-337-336-335-313-291-269-247-225-203-181-180-1585
193.3,12,12,98.097,0,1584-337-336-335-313-291-269-247-225-203-181-180-1585
193.4,12,12,98.101,0,1584-337-336-335-313-291-269-247-225-203-181-180-1585
193.5,12,12,98.105,0,1584-337-336-335-313-291-269-247-225-203-181-180-1585
193.6,12,12,98.108,0,1584-337-336-335-313-291-269-247-225-203-181-180-1585
193.7,12,12,98.112,0,1584-337-336-335-313-291-269-247-225-203-181-180-1585
193.8,12,12,98.116,1,1584-337-336-335-313-291-269-247-225-203-202-180-1585
193.9,12,12,98.120,0,1584-337-336-335-313-291-269-247-225-203-202-180-1585
194.0,12,12,98.123,1,1584-337-336-335-334-312-290-268-246-224-202-180-1585
194.1,12,12,98.127,0,1584-337-336-335-334-312-290-268-246-224-202-180-1585
194.2,12,12,98.130,0,1584-337-336-335-334-312-290-268-246-224-202-180-1585
194.3,12,12,98.134,0,1584-337-336-335-334-312-290-268-246-224-202-180-1585
194.4,12,12,98.137,0,1584-337-336-335-334-312-290-268-246-224-202-180-1585
194.5,12,12,98.140,0,1584-337-336-335-334-312-290-268-246-224-202-180-1585
194.6,12,12,98.144,0,1584-337-336-335-334-312-290-268-246-224-202-180-1585
194.7,12,12,98.147,0,1584-337-336-335-334-312-290-268-246-224-202-180-1585
194.8,12,12,98.151,0,1584-337-336-335-334-312-290-268-246-224-202-180-1585
194.9,12,12,98.154,0,1584-337-336-335-334-312-290-268-246-224-202-180-1585
195.0,12,12,98.158,0,1584-337-336-335-334-312-290-268-246-224-202-180-1585
195.1,12,12,98.161,0,1584-337-336-335-334-312-290-268-246-224-202-180-1585
195.2,12,12,98.165,0,1584-337-336-335-334-312-290-268-246-224-202-180-1585
195.3,12,12,98.168,0,1584-337-336-335-334-312-290-268-246-224-202-180-1585
195.4,12,12,98.172,0,1584-337-336-335-334-312-290-268-246-224-202-180-1585
195.5,12,12,98.175,0,1584-337-336-335-334-312-290-268-246-224-202-180-1585
195.6,12,12,98.179,0,1584-337-336-335-334-312-290-268-246-224-202-180-1585
195.7,12,12,98.182,0,1584-337-336-335-334-312-290-268-246-224-202-180-1585
195.8,12,12,98.186,0,1584-337-336-335-334-312-290-268-246-224-202-180-1585
195.9,12,12,98.189,0,1584-337-336-335-334-312-290-268-246-224-202-180-1585
196.0,12,12,98.193,0,1584-337-336-335-334-312-290-268-246-224-202-180-1585
196.1,12,12,98.196,0,1584-337-336-335-334-312-290-268-246-224-202-180-1585
196.2,12,12,98.200,0,1584-337-336-335-334-312-290-268-246-224-202-180-1585
196.3,12,12,98.204,0,1584-337-336-335-334-312-290-268-246-224-202-180-1585
196.4,12,12,98.207,0,1584-337-336-335-334-312-290-268-246-224-202-180-1585
196.5,12,12,98.211,0,1584-337-336-335-334-312-290-268-246-224-202-180-1585
196.6,12,12,98.214,0,1584-337-336-335-334-312-290-268-246-224-202-180-1585
196.7,12,12,98.218,0,1584-337-336-335-334-312-290-268-246-224-202-180-1585
196.8,12,12,98.222,0,1584-337-336-335-334-312-290-268-246-224-202-180-1585
196.9,12,12,98.225,0,1584-337-336-335-334-312-290-268-246-224-202-180-1585
197.0,12,12,98.229,0,1584-337-336-335-334-312-290-268-246-224-202-180-1585
197.1,12,12,98.232,0,1584-337-336-335-334-312-290-268-246-224-202-180-1585
197.2,12,12,98.236,0,1584-337-336-335-334-312-290-268-246-224-202-180-1585
197.3,12,12,98.240,0,1584-337-336-335-334-312-290-268-246-224-202-180-1585
197.4,12,12,98.243,0,1584-337-336-335-334-312-290-268-246-224-202-180-1585
197.5,12,12,98.247,0,1584-337-336-335-334-312-290-268-246-224-202-180-1585
197.6,12,12,98.251,0,1584-337-336-335-334-312-290-268-246-224-202-180-1585
197.7,12,12,98.254,0,1584-337-336-335-334-312-290-268-246-224-202-180-1585
197.8,12,12,98.258,0,1584-337-336-335-334-312-290-268-246-224-202-180-1585
197.9,12,12,98.262,0,1584-337-336-335-334-312-290-268-246-224-202-180-1585
198.0,12,12,98.265,0,1584-337-336-335-334-312-290-268-246-224-202-180-1585
198.1,12,12,98.269,0,1584-337-336-335-334-312-290-268-246-224-202-180-1585
198.2,12,12,98.273,0,1584-337-336-335-334-312-290-268-246-224-202-180-1585
198.3,12,12,98.276,0,1584-337-336-335-334-312-290-268-246-224-202-180-1585
198.4,12,12,98.280,0,1584-337-336-335-334-312-290-268-246-224-202-180-1585
198.5,12,12,98.284,0,1584-337-336-335-334-312-290-268-246-224-202-180-1585
198.6,12,12,98.287,0,1584-337-336-335-334-312-290-268-246-224-202-180-1585
198.7,12,12,98.291,0,1584-337-336-335-334-312-290-268-246-224-202-180-1585
198.8,12,12,98.295,0,1584-337-336-335-334-312-290-268-246-224-202-180-1585
198.9,12,12,98.299,0,1584-337-336-335-334-312-290-268-246-224-202-180-1585
199.0,12,12,98.302,0,1584-337-336-335-334-312-290-268-246-224-202-180-1585
199.1,12,12,98.306,0,1584-337-336-335-334-312-290-268-246-224-202-180-1585
199.2,12,12,98.310,0,1584-337-336-335-334-312-290-268-246-224-202-180-1585
199.3,12,12,98.313,0,1584-337-336-335-334-312-290-268-246-224-202-180-1585
199.4,12,12,98.317,0,1584-337-336-335-334-312-290-268-246-224-202-180-1585
199.5,12,12,98.321,0,1584-337-336-335-334-312-290-268-246-224-202-180-1585
199.6,12,12,98.325,0,1584-337-336-335-334-312-290-268-246-224-202-180-1585
199.7,12,12,98.329,0,1584-337-336-335-334-312-290-268-246-224-202-180-1585
199.8,12,12,98.332,0,1584-337-336-335-334-312-290-268-246-224-202-180-1585
199.9,12,12,98.336,0,1584-337-336-335-334-312-290-268-246-224-202-180-1585
